INSERT INTO `Course` (`CourseId`,`Name`,`Teacher`)
VALUES
 (1,'Circuit Analysis','Kellen Horton')
,(2,'Calculus','Kamron Saunders')
,(3,'Introduction to Law','Dominick Pope')
,(4,'Circuit Analysis','Gerardo Grimes')
,(5,'Human Ecology','Elaine Cabrera')
,(6,'Introduction to Philosophy','Sophie Norris')
,(7,'Arts Fundraising','Julio Cohen')
,(8,'Food and Culture','Farrah Cantrell')
,(9,'World History','Kayden Price')
,(10,'World History','Ellie Bass')
,(11,'Foundations of Education','Lilianna Watts')
,(12,'Fundamentals of Marketing','Zariah Bowers')
,(13,'World History','Kylie Cameron')
,(14,'Literature and Culture','Josie Hopkins')
,(15,'Literature and Culture','Jaxon Moon')
,(16,'Literature and Culture','Andre Richard')
,(17,'Introduction to Affective Computing','Matias Little')
,(18,'Introduction to Law','Abby Sheppard')
,(19,'Financial Accounting','Mina Kidd')
,(20,'Elementary French','Salma Ortega')
,(21,'Calculus','Trevon Cline')
,(22,'Network Optimization','Janae Chandler')
,(23,'Introduction to Philosophy','Skyla Barton')
,(24,'Greek Civilization','Scarlet Hines')
,(25,'Network Optimization','Pamela Burch')
,(26,'Elementary French','Kelsey Caldwell')
,(27,'Introduction to Professional Writing','Gibson Warner')
,(28,'Food and Culture','Allison Witt')
,(29,'Introduction to Affective Computing','Taylor Knight')
,(30,'Introduction to Programming','Harley Albert')


INSERT INTO `Person` (`PersonId`,`FirstName`,`MiddelInitial`,`LastName`,`DateOfBirth`)
VALUES
 (1,'Adele','S','Rosales','1984-05-05')
,(2,'Justus','Z','Gomez','2007-04-06')
,(3,'Isiah','Z','Warner','1992-06-04')
,(4,'Erica','L','Campos','1994-05-14')
,(5,'Desmond','W','Valdez','1996-11-19')
,(6,'Arnav','R','Powers','2008-05-12')
,(7,'Ali','G','Bowen','1995-03-11')
,(8,'Malaya','U','Burgess','1984-09-14')
,(9,'Haleigh','M','Hopper','1997-07-24')
,(10,'Corey','Y','Mcclure','1997-05-15')
,(11,'Jacob','P','Dotson','2008-01-02')
,(12,'Aden','F','Petty','2007-12-02')
,(13,'Theodore','L','Acosta','1991-07-15')
,(14,'Harley','H','Manning','1996-03-15')
,(15,'Karma','N','Guerrero','2005-02-18')
,(16,'Legend','L','Olson','1990-03-13')
,(17,'Issac','A','Lee','2008-03-09')
,(18,'Maggie','I','York','1984-02-04')
,(19,'Amare','A','Hernandez','2000-09-17')
,(20,'Lilah','W','Abbott','1998-05-24')
,(21,'Eugene','R','Mathis','1997-02-04')
,(22,'Miya','K','Warren','1981-03-15')
,(23,'Muhammad','R','Scott','1996-11-06')
,(24,'Erik','Z','Mcmillan','2005-12-21')
,(25,'Valentino','P','Christensen','1991-01-10')
,(26,'Trystan','P','Barker','2001-08-07')
,(27,'Marcus','M','Owens','2003-08-25')
,(28,'Aylin','C','Joyner','2008-07-01')
,(29,'George','U','Richardson','1996-04-13')
,(30,'Scott','M','Wooten','2008-08-02')
,(31,'Monica','C','Roth','1997-03-20')
,(32,'Noemi','K','Shelton','2008-07-15')
,(33,'Maliyah','M','Ramsey','1996-07-16')
,(34,'Waylon','P','Bradley','1986-11-14')
,(35,'Laura','G','Herrera','1988-05-12')
,(36,'Lyric','S','Horton','2008-10-24')
,(37,'Deandre','F','Hopper','2007-03-31')
,(38,'Keyon','P','Hensley','2005-03-11')
,(39,'Luna','Y','Chan','2003-03-14')
,(40,'Arlo','T','Martin','1987-11-03')
,(41,'Finley','P','Saunders','1989-07-03')
,(42,'Lucas','I','Ball','1982-11-21')
,(43,'Carla','A','Hill','1986-05-29')
,(44,'Kara','G','Gould','2000-05-07')
,(45,'Jovani','H','Heath','1986-07-01')
,(46,'Liam','S','Parks','1991-01-30')
,(47,'Jeramiah','M','Stanley','1985-12-14')
,(48,'Armani','D','Hensley','1991-05-09')
,(49,'Kolton','Q','Hopkins','2005-02-08')
,(50,'Porter','U','Sears','1997-04-09')
,(51,'Jerome','Y','Jarvis','1983-03-14')
,(52,'Broderick','W','Terry','2005-12-25')
,(53,'Drake','X','Hammond','2007-06-13')
,(54,'Hassan','T','Carney','2003-11-05')
,(55,'Lara','X','Torres','2006-04-23')
,(56,'Sharon','X','Jefferson','1992-04-25')
,(57,'Jasmin','E','Cummings','1988-08-02')
,(58,'Rhys','Q','Herman','1988-03-05')
,(59,'Eden','M','Meyers','1986-04-11')
,(60,'Eddie','E','Clements','1994-11-21')
,(61,'Quincy','H','Goodwin','2004-09-30')
,(62,'Samiyah','I','Ortega','2007-08-23')
,(63,'Devon','P','Garcia','1995-09-10')
,(64,'Lillie','F','Hanson','2005-03-19')
,(65,'Evangeline','R','Mccall','1986-05-30')
,(66,'Freddy','N','Coleman','2002-10-20')
,(67,'Madden','D','Cross','1986-07-18')
,(68,'Damaris','O','Mckay','2007-09-02')
,(69,'Iliana','V','Blankenship','1995-09-22')
,(70,'Julieta','E','Wilder','2005-07-08')
,(71,'Selah','L','Mcpherson','2008-06-01')
,(72,'Jermaine','S','Kinney','2006-08-06')
,(73,'Haley','R','Smith','1980-04-04')
,(74,'Anna','Q','Cote','1989-02-22')
,(75,'Brielle','Q','Wilder','2003-04-18')
,(76,'Alejandra','H','Vaughan','1982-09-13')
,(77,'Deegan','E','Keith','1987-09-01')
,(78,'Joselyn','O','Randolph','2000-02-14')
,(79,'Brett','T','Spence','2000-03-26')
,(80,'Iker','Y','Owens','2007-07-18')
,(81,'Cherish','X','Monroe','1989-12-10')
,(82,'Max','H','Ballard','1997-10-13')
,(83,'Cali','B','Jefferson','1999-07-14')
,(84,'Analia','N','Patterson','1989-05-31')
,(85,'Sidney','T','Kerr','1991-03-06')
,(86,'Princeton','N','Mcintyre','1984-07-02')
,(87,'Reuben','I','Galloway','2001-08-01')
,(88,'Jean','H','Walters','1998-04-12')
,(89,'Josiah','W','Roberson','2001-11-14')
,(90,'Samantha','N','Dennis','1983-10-05')
,(91,'Juniper','C','Patton','1988-09-23')
,(92,'Macy','M','Hopper','1996-10-12')
,(93,'Fernanda','B','Williamson','1990-11-29')
,(94,'Jairo','O','Mcintyre','1990-12-09')
,(95,'Nicole','D','Kirby','1994-02-26')
,(96,'Pedro','P','Singleton','1985-01-17')
,(97,'Brendan','I','Foley','2001-08-28')
,(98,'Delaney','Z','Mathews','1987-03-18')
,(99,'Shane','Y','Casey','2003-02-19')
,(100,'Nathanael','B','Morrow','2006-03-28')
,(101,'Jensen','L','Mccall','2003-02-06')
,(102,'Maximo','R','Reid','2000-09-03')
,(103,'Krystal','X','Buckner','1985-07-26')
,(104,'Bennett','K','Green','2008-07-07')
,(105,'Kenny','N','Noel','1992-03-28')
,(106,'Scarlett','L','Wooten','2001-06-06')
,(107,'Carson','X','Calderon','1999-02-19')
,(108,'Cindy','K','Meyers','2000-09-18')
,(109,'Juan','Z','Leach','1980-05-20')
,(110,'Damaris','V','Clayton','1992-12-24')
,(111,'Adeline','S','Solomon','1995-03-08')
,(112,'Chad','F','Burris','1986-02-28')
,(113,'Joshua','I','Mckenzie','1984-08-14')
,(114,'Alani','C','Harmon','2006-03-06')
,(115,'Genevieve','J','Workman','1984-10-02')
,(116,'Casen','O','Donovan','1985-12-19')
,(117,'Toby','N','Reid','2008-05-09')
,(118,'Jaida','E','Martinez','2000-11-06')
,(119,'Faith','M','Walker','1992-08-10')
,(120,'Samara','L','Acosta','1992-05-08')
,(121,'Cortez','F','Hardy','1995-11-12')
,(122,'Mariano','G','Lyons','1988-03-24')
,(123,'Denise','B','George','1984-12-29')
,(124,'Kailey','Q','Hughes','2003-09-27')
,(125,'Aaron','S','Perez','1987-02-04')
,(126,'Elijah','B','Padilla','2001-11-19')
,(127,'Eileen','I','Salazar','1985-01-21')
,(128,'Alonzo','M','Yates','1995-11-01')
,(129,'Diego','B','Farrell','1997-08-17')
,(130,'Allan','O','Lucas','2004-11-09')
,(131,'Nathalie','I','Houston','1993-09-29')
,(132,'Ashlyn','R','Weeks','1982-08-05')
,(133,'Alonso','F','Wall','2007-09-02')
,(134,'Xavier','I','Schwartz','1988-03-24')
,(135,'Jakob','H','Chang','1981-02-21')
,(136,'Solomon','F','Mueller','1992-12-11')
,(137,'Dominic','G','Mcintyre','2004-07-31')
,(138,'Arlo','H','Tran','1980-09-19')
,(139,'Alicia','Y','Vance','1986-01-10')
,(140,'Rayden','R','Harding','1996-05-14')
,(141,'Colton','E','Jarvis','1989-07-13')
,(142,'Justin','Y','Gamble','2006-05-31')
,(143,'Journey','L','Hodge','1981-05-08')
,(144,'Yamilet','D','Delgado','2006-02-16')
,(145,'Cullen','R','Dixon','1988-11-11')
,(146,'Bentley','M','Sykes','1998-09-13')
,(147,'Ashtyn','C','Morgan','2000-07-22')
,(148,'Claudia','P','England','2001-04-03')
,(149,'Saul','R','Wiley','1998-10-08')
,(150,'Riley','P','Villarreal','2004-09-30')
,(151,'Ashlynn','F','Bradley','1993-04-01')
,(152,'Leighton','N','Holder','1991-06-20')
,(153,'Masen','V','Hamilton','2007-03-30')
,(154,'Frances','C','Sampson','1997-07-04')
,(155,'Kareem','J','Wolfe','1999-05-22')
,(156,'Ariel','E','Kramer','1983-03-10')
,(157,'Will','K','Underwood','1986-08-24')
,(158,'Case','B','Salinas','1989-10-28')
,(159,'Elyse','B','Rowe','1989-02-18')
,(160,'Zavier','Z','Mercado','1997-04-16')
,(161,'Ivy','H','Black','2002-01-25')
,(162,'Jason','C','Hubbard','2001-07-29')
,(163,'Leighton','L','Richard','1991-05-20')
,(164,'Payton','D','Vinson','1991-10-01')
,(165,'Carter','I','Cervantes','2004-04-04')
,(166,'Hannah','Q','Dalton','2002-08-19')
,(167,'Jaydon','L','Jarvis','2004-02-06')
,(168,'Bruno','F','Warner','1984-03-07')
,(169,'Chaim','B','Carr','2004-08-21')
,(170,'Elin','I','Bryan','1981-07-06')
,(171,'Mikayla','P','Cotton','1980-10-23')
,(172,'Angela','A','Mcconnell','1987-12-24')
,(173,'Moses','U','Winters','1992-08-23')
,(174,'Declan','X','Jarvis','1987-04-10')
,(175,'Rayne','L','Glover','1991-11-14')
,(176,'Bennett','B','Vega','1992-07-07')
,(177,'Elizabeth','R','Cross','1999-04-28')
,(178,'Krystal','V','Mendoza','1984-11-06')
,(179,'Raven','F','Mcfadden','2003-02-09')
,(180,'Jerimiah','V','Russell','1982-11-18')
,(181,'Carolina','H','Stuart','2008-11-17')
,(182,'Linda','V','Mccall','2004-11-04')
,(183,'Braden','Z','Collins','1985-05-21')
,(184,'Danica','H','Rhodes','1985-06-29')
,(185,'Raul','Y','Berg','1998-12-19')
,(186,'Livia','J','Bishop','1992-04-25')
,(187,'Anabella','J','Pierce','2001-02-23')
,(188,'Meadow','E','Fields','1980-08-02')
,(189,'Ryann','M','Snider','1989-10-13')
,(190,'Morgan','N','Cantu','1987-08-08')
,(191,'Heath','N','Wilkins','1993-08-18')
,(192,'Liv','O','Maxwell','1980-12-26')
,(193,'Xander','P','Romero','1995-08-06')
,(194,'Moses','Z','Mcclain','2003-02-01')
,(195,'Seamus','R','Lawson','1998-06-03')
,(196,'Jaelyn','D','Sullivan','1992-08-22')
,(197,'Dustin','G','Joyce','1992-11-21')
,(198,'Hayleigh','A','Barrera','1995-09-11')
,(199,'Aleena','V','Owen','1998-11-25')
,(200,'Bryson','S','Miller','1986-04-26')
,(201,'Taryn','D','Garza','2008-04-26')
,(202,'Gwyneth','Y','Lowe','2006-02-19')
,(203,'Raphael','J','Mcfadden','1990-05-16')
,(204,'Julieta','C','David','2000-05-19')
,(205,'Lennon','D','Sparks','1994-09-22')
,(206,'Emery','X','Vega','1986-07-07')
,(207,'Iliana','N','Cooke','2004-10-02')
,(208,'Talon','K','Logan','1981-11-17')
,(209,'Louis','F','Beck','1983-06-18')
,(210,'Trace','V','Randolph','1992-04-20')
,(211,'Samson','K','Tanner','2008-06-23')
,(212,'Troy','O','Stephenson','1996-12-13')
,(213,'Jordyn','W','Pitts','1987-10-04')
,(214,'Judith','J','Rowland','2002-10-28')
,(215,'Zariah','L','Short','1988-05-22')
,(216,'Brynlee','R','Hebert','1982-06-05')
,(217,'Maurice','E','Rosario','2005-06-21')
,(218,'Heidi','Y','Simmons','2007-09-01')
,(219,'Lindsay','H','Church','1989-07-21')
,(220,'Julissa','F','Harding','2007-12-11')
,(221,'Sophie','V','Mclaughlin','1998-08-24')
,(222,'Hugh','M','Lang','2007-09-24')
,(223,'Ismael','J','Gillespie','1998-09-04')
,(224,'Eli','U','Vance','2002-10-21')
,(225,'Yareli','E','George','2000-05-16')
,(226,'Sterling','D','Camacho','1989-10-15')
,(227,'Jamie','E','Hutchinson','1986-03-13')
,(228,'Branson','B','Wilson','1986-11-17')
,(229,'Bennett','P','Hull','1995-12-24')
,(230,'Kailynn','E','Rush','1985-12-14')
,(231,'Micah','P','Browning','1998-11-25')
,(232,'Dean','B','Shannon','1994-08-02')
,(233,'Kaylynn','H','Wall','1998-02-20')
,(234,'Vincenzo','N','Floyd','2008-04-29')
,(235,'Princess','D','Klein','2006-04-01')
,(236,'Gavin','W','Conrad','1983-03-28')
,(237,'Brendan','K','Leblanc','2007-09-25')
,(238,'Krystal','O','Gates','1992-01-15')
,(239,'Triston','Z','Tanner','2001-10-13')
,(240,'Danny','V','Dunn','2002-06-08')
,(241,'Janiya','K','Flowers','1995-03-10')
,(242,'Catalina','V','Robbins','1997-12-04')
,(243,'Jadyn','O','Bradford','1992-07-27')
,(244,'Isai','L','Dunn','1984-05-08')
,(245,'Ashton','J','Smith','1980-07-30')
,(246,'Madalyn','Q','Giles','1997-01-10')
,(247,'Heaven','J','Stone','1984-09-23')
,(248,'Lilah','A','Witt','2004-09-05')
,(249,'Joy','A','Molina','1994-08-03')
,(250,'Journey','T','Campos','1999-04-11')
,(251,'Madden','G','Bryant','2006-10-04')
,(252,'Hugh','D','Bryant','1993-04-10')
,(253,'Reuben','B','Vinson','1994-03-21')
,(254,'Corban','E','Flores','2002-06-23')
,(255,'Danny','V','Montoya','2000-08-17')
,(256,'Katie','X','Miller','2004-07-18')
,(257,'Journee','A','Ross','1989-05-29')
,(258,'Reed','P','Sheppard','2008-12-03')
,(259,'Jerimiah','S','Galloway','1998-10-19')
,(260,'Gauge','B','Griffith','2006-06-08')
,(261,'Sariyah','A','Hanson','2002-01-27')
,(262,'Tessa','T','Scott','1983-01-06')
,(263,'Kristian','C','Davidson','1982-05-24')
,(264,'Maritza','R','Roman','1985-04-24')
,(265,'Aiyana','O','Koch','1996-12-24')
,(266,'Gunner','C','Grant','2000-06-08')
,(267,'Haley','P','Fletcher','1996-05-28')
,(268,'Amir','Z','Molina','1984-12-04')
,(269,'Remington','X','Goodwin','1988-04-10')
,(270,'Julian','L','Cannon','2001-04-01')
,(271,'Sariah','O','Downs','2002-01-10')
,(272,'Malaya','M','Dalton','2006-04-07')
,(273,'Isaiah','P','Hester','1996-05-24')
,(274,'Genesis','K','Nixon','1994-11-21')
,(275,'Raven','G','Byrd','1982-05-13')
,(276,'Melanie','O','Cantu','1998-08-07')
,(277,'Kaylee','L','Bridges','2003-06-14')
,(278,'Zaniyah','G','Oconnor','1992-06-26')
,(279,'Emmalee','Z','Franklin','2003-03-16')
,(280,'Adelina','Q','Anderson','2002-11-18')
,(281,'Darryl','D','Lynn','1997-10-19')
,(282,'Jaron','I','Lindsey','1988-01-02')
,(283,'Danny','L','Mccoy','2005-10-06')
,(284,'Kylie','N','Walters','1988-11-20')
,(285,'Mariyah','S','Richard','2007-12-12')
,(286,'Jaylin','G','Perkins','1980-05-28')
,(287,'Mason','V','Parker','2004-02-11')
,(288,'Roselyn','X','Tyler','1981-09-22')
,(289,'Kylee','A','Rosario','1982-03-04')
,(290,'Leonel','W','Joseph','1983-08-10')
,(291,'Annabell','K','Andrews','1999-01-12')
,(292,'Ana','J','Potter','1992-11-24')
,(293,'Leonardo','B','Mayer','1997-07-02')
,(294,'Jonah','E','Morton','1980-05-18')
,(295,'Giovanna','B','Jacobs','1990-09-12')
,(296,'Keegan','F','Griffith','1996-01-01')
,(297,'Meghan','A','Berger','1993-05-16')
,(298,'Landen','I','Huber','1983-05-02')
,(299,'Warren','K','Witt','2002-04-13')
,(300,'Diana','F','Hardy','2008-05-05')
,(301,'Maria','G','Crawford','1981-09-20')
,(302,'Maddison','I','Watson','1997-02-11')
,(303,'Griffin','P','Jefferson','1987-05-06')
,(304,'Bridger','M','Frye','1999-08-12')
,(305,'Josiah','P','Sloan','1989-12-31')
,(306,'Jaiden','X','Molina','1998-08-08')
,(307,'Kendall','L','Colon','1987-10-10')
,(308,'Harper','S','Guthrie','1993-05-09')
,(309,'Bruno','N','Rowe','1997-09-18')
,(310,'Lamar','Q','Frost','1981-12-01')
,(311,'Kevin','W','Lewis','1980-02-04')
,(312,'Kai','C','Sloan','2008-03-11')
,(313,'Simone','M','Coleman','2003-12-18')
,(314,'Marlene','T','Blanchard','1980-09-30')
,(315,'Rowan','P','Lawson','1996-10-18')
,(316,'Ava','H','Velez','1996-08-13')
,(317,'Noemi','Z','Griffin','1985-12-25')
,(318,'Bree','O','Tyson','1980-08-24')
,(319,'Sloane','T','Mcdaniel','2000-01-12')
,(320,'Johnny','Q','Orr','1994-02-02')
,(321,'Irene','Z','Newton','1998-03-16')
,(322,'Emily','T','Sweet','2003-09-19')
,(323,'Presley','I','Moore','2000-02-16')
,(324,'Jaida','X','Kirk','1984-05-08')
,(325,'Cale','B','Rutledge','1994-07-17')
,(326,'Kyson','U','Lynn','2006-10-13')
,(327,'Alexis','I','Mcmillan','1986-04-07')
,(328,'Isis','L','Lara','2005-03-08')
,(329,'Remington','A','Warren','2008-08-04')
,(330,'Leland','Y','Kennedy','1992-12-22')
,(331,'Messiah','I','Mullen','2008-08-25')
,(332,'Sara','B','Noble','2008-06-08')
,(333,'Briella','H','Hurley','1988-12-15')
,(334,'Winston','Z','Hutchinson','1988-09-16')
,(335,'Dane','T','Atkinson','1982-12-04')
,(336,'Amare','J','Shaffer','1997-02-16')
,(337,'Jaron','A','Maldonado','1989-08-25')
,(338,'Mohammad','J','Dickson','2000-01-18')
,(339,'Alessandro','H','Bird','1986-08-06')
,(340,'Abigail','H','Witt','2003-06-29')
,(341,'Monica','Q','Cantu','1997-10-18')
,(342,'Everett','P','Zimmerman','2000-02-29')
,(343,'Audriana','G','Miranda','2003-06-09')
,(344,'Tatiana','N','Noble','1982-07-14')
,(345,'Nahla','C','Johnston','1999-08-15')
,(346,'Janiyah','O','Welch','1996-02-15')
,(347,'Blake','U','Keller','1995-10-23')
,(348,'Aaden','Y','West','2005-08-23')
,(349,'Jaylene','R','Delacruz','1999-01-10')
,(350,'Camila','P','Sanders','1995-06-09')
,(351,'George','M','Pena','2007-06-06')
,(352,'Branden','S','Langley','1989-10-06')
,(353,'Cortez','U','Davidson','2000-06-16')
,(354,'Gage','Q','Wilder','1991-04-20')
,(355,'Londyn','I','Wyatt','1986-03-07')
,(356,'Lennox','P','Graves','2007-11-12')
,(357,'Sonia','Z','Dickson','1980-10-06')
,(358,'Finnegan','G','Becker','1981-09-16')
,(359,'Juliette','L','Parrish','2002-05-19')
,(360,'Jamari','E','Barrera','1994-05-18')
,(361,'Kennedy','V','Harris','1988-10-22')
,(362,'Giada','C','Fernandez','1986-08-10')
,(363,'Damaris','V','Norris','1990-09-18')
,(364,'Maximiliano','A','Sawyer','1993-12-14')
,(365,'Norah','Z','Sloan','1999-03-10')
,(366,'Savanna','Q','Cabrera','1994-06-02')
,(367,'Caroline','B','Le','1980-09-16')
,(368,'Cameron','V','Short','2001-08-22')
,(369,'Andre','M','Mcintyre','1988-01-24')
,(370,'Elianna','W','Howard','2001-06-12')
,(371,'Deangelo','T','Rose','1995-08-20')
,(372,'Elisa','S','Thornton','1993-08-18')
,(373,'Iliana','N','Strickland','1995-09-28')
,(374,'Kaitlynn','Q','Nieves','2005-02-20')
,(375,'Raelyn','C','Ruiz','1989-03-17')
,(376,'Chaim','S','Hodge','1991-09-08')
,(377,'Griffin','H','Sullivan','2005-07-05')
,(378,'Shelby','Z','Harper','1986-07-17')
,(379,'Brayan','A','Castaneda','1985-09-18')
,(380,'Kameron','F','Morton','1986-08-31')
,(381,'Payton','I','Vaughn','1989-09-13')
,(382,'Lilia','V','Nichols','1983-02-02')
,(383,'Ivy','L','Maynard','1987-07-30')
,(384,'Arian','R','Burns','1990-02-18')
,(385,'Kyler','I','Alford','1988-05-24')
,(386,'Charlee','N','Wallace','1999-11-30')
,(387,'Josue','G','Martin','1986-06-16')
,(388,'Esteban','U','Gregory','2002-11-24')
,(389,'Vihaan','T','Palmer','1980-12-29')
,(390,'Samuel','G','Yang','1983-10-18')
,(391,'Kaylee','S','May','1996-11-18')
,(392,'Kellan','B','Cannon','1989-01-17')
,(393,'Harrison','U','Hickman','1990-04-04')
,(394,'Kaliyah','R','Cervantes','2005-12-11')
,(395,'Frankie','J','Rosales','1994-12-01')
,(396,'Geraldine','Y','Marsh','2003-11-29')
,(397,'Kylan','W','Sellers','1994-02-21')
,(398,'Mina','G','Page','2003-12-13')
,(399,'Journee','F','Kemp','1988-08-03')
,(400,'June','H','Hodge','1997-08-31')
,(401,'Joe','Y','Bonner','2004-01-23')
,(402,'Macie','Q','Hansen','2002-11-10')
,(403,'Jacey','A','Randolph','1983-08-07')
,(404,'Natalia','V','Mcbride','1988-02-22')
,(405,'Madalyn','J','Ayers','2005-03-12')
,(406,'Eduardo','B','Chapman','1993-10-29')
,(407,'Kendra','V','Browning','2000-12-22')
,(408,'Aimee','H','Joseph','2006-02-15')
,(409,'Nevaeh','D','Gibbs','1986-04-24')
,(410,'Casey','V','Mann','1984-12-09')
,(411,'Francisco','V','Love','2003-07-13')
,(412,'Keyon','U','Richard','1997-06-13')
,(413,'Taylor','O','Mccormick','1983-05-07')
,(414,'Stephen','M','Branch','1980-08-11')
,(415,'Emmalyn','R','Conrad','1989-05-30')
,(416,'Davon','D','Gould','1992-03-24')
,(417,'Quinten','I','Maxwell','1999-03-03')
,(418,'Albert','Z','Burns','2005-12-15')
,(419,'Braylen','L','Tucker','2005-08-26')
,(420,'Ana','Y','Hodges','2005-01-01')
,(421,'Shaun','R','Quinn','2000-01-19')
,(422,'Adrien','N','Albert','1988-03-30')
,(423,'Raelyn','N','Davis','1980-02-18')
,(424,'Louis','N','Ramos','1981-12-22')
,(425,'Rhys','X','Fischer','1989-02-25')
,(426,'Itzel','C','Witt','1985-12-08')
,(427,'Justice','Q','Potts','1992-09-15')
,(428,'Howard','T','Rodgers','2004-05-18')
,(429,'Michaela','I','Hess','2005-04-28')
,(430,'Kaya','K','Wiley','1992-07-09')
,(431,'Noe','O','Powers','1990-11-07')
,(432,'Esther','T','Edwards','1984-06-13')
,(433,'Katelyn','F','Pate','2004-05-11')
,(434,'Cory','I','Case','1993-05-07')
,(435,'Beatrice','X','Sloan','2001-02-27')
,(436,'Kamren','N','Mayer','2004-07-31')
,(437,'Harvey','E','Nash','1992-09-26')
,(438,'Bruce','I','Mccullough','1998-04-09')
,(439,'Dimitri','P','Holcomb','2000-01-19')
,(440,'Karis','C','Le','1988-07-15')
,(441,'Alison','K','Farrell','2004-04-12')
,(442,'Yuliana','G','Young','2003-10-18')
,(443,'Allison','E','Hampton','1998-11-20')
,(444,'Blaine','F','Logan','1999-01-09')
,(445,'Carmen','F','George','1995-09-15')
,(446,'Darwin','X','Harper','1996-01-16')
,(447,'Bodhi','J','Best','1996-07-06')
,(448,'Karson','L','Mcknight','1999-11-28')
,(449,'Lucian','E','Hale','1997-07-27')
,(450,'Tristin','F','Michael','1991-01-07')
,(451,'Rowen','P','Tucker','1998-06-04')
,(452,'Arian','O','Woods','1995-07-10')
,(453,'Charlotte','C','Jones','1991-08-31')
,(454,'Mina','F','Roberson','1998-09-02')
,(455,'Wesley','U','Christian','1982-11-22')
,(456,'Ruben','T','Rodriquez','1989-01-12')
,(457,'Alissa','Z','Landry','1980-01-08')
,(458,'Tucker','Z','Le','1983-04-28')
,(459,'Hayden','N','Murray','1980-09-04')
,(460,'Darwin','D','Olson','1984-12-17')
,(461,'Sloane','W','Mcdowell','1994-03-19')
,(462,'Isabel','O','Stark','1985-01-21')
,(463,'Weston','C','Cruz','1997-05-21')
,(464,'Johnathon','Q','Ball','1982-06-01')
,(465,'Vance','Y','Oliver','1986-10-22')
,(466,'Jonas','X','Sims','1987-10-14')
,(467,'Aaron','K','Walker','1983-03-29')
,(468,'Bianca','B','Calderon','1982-01-05')
,(469,'Jose','B','Meadows','2006-10-15')
,(470,'Trevon','E','Albert','1996-07-27')
,(471,'Jadyn','W','Berry','1993-04-05')
,(472,'Trystan','M','Weeks','1996-11-10')
,(473,'Gauge','A','Beasley','2006-09-12')
,(474,'Alia','T','Langley','1984-06-11')
,(475,'Brock','K','Snyder','1990-12-13')
,(476,'Ariella','Z','Malone','2007-05-10')
,(477,'Jeramiah','Y','Adams','2007-12-12')
,(478,'Jazlyn','V','Hoover','2005-01-15')
,(479,'Jairo','M','Baxter','1999-01-12')
,(480,'Amya','I','Pierce','1985-06-11')
,(481,'Rory','T','Mercer','2004-09-26')
,(482,'Braylin','P','Preston','1995-09-21')
,(483,'Chad','E','Mccarty','1987-06-29')
,(484,'Aryana','I','Dorsey','2004-04-09')
,(485,'Monica','V','Downs','1991-05-04')
,(486,'Kylah','P','Hull','1982-01-30')
,(487,'Ryleigh','B','Paul','2005-11-25')
,(488,'Alena','X','Fox','1998-07-25')
,(489,'Bailee','W','Espinoza','1986-10-28')
,(490,'Evelyn','L','Joyce','1990-12-13')
,(491,'Abrielle','H','Estes','1984-05-12')
,(492,'Haylee','X','Alexander','2004-07-12')
,(493,'Jared','K','Tran','1984-10-19')
,(494,'Seth','R','Marquez','1993-10-30')
,(495,'Ari','Y','Frye','1998-08-16')
,(496,'Alice','P','Hayes','1998-12-04')
,(497,'Princeton','G','England','1983-04-14')
,(498,'Desmond','Z','Snider','1990-09-06')
,(499,'Eliseo','X','Peterson','1987-08-16')
,(500,'Corey','M','Koch','2004-07-26')
,(501,'Ryleigh','M','Sexton','1997-04-18')
,(502,'Patrick','T','Booth','2002-05-02')
,(503,'Alaya','T','Cardenas','2002-09-24')
,(504,'Hayleigh','T','Mcintyre','1997-12-11')
,(505,'Clare','K','Goff','1994-09-28')
,(506,'Ernesto','F','May','1989-03-04')
,(507,'Kyle','T','Henderson','2002-03-04')
,(508,'Eugene','S','Lamb','1985-11-22')
,(509,'Virginia','R','Dunn','1992-02-25')
,(510,'Ishaan','Z','Brennan','2005-08-30')
,(511,'Janessa','B','Carey','1988-03-08')
,(512,'Addilyn','X','Patrick','2001-02-18')
,(513,'Zuri','U','Ramos','1986-04-09')
,(514,'Kamila','B','Best','1990-11-14')
,(515,'Camila','V','Wong','2006-03-26')
,(516,'Kendall','Q','Gill','1991-11-27')
,(517,'Corbin','C','Whitaker','2005-01-13')
,(518,'Zaiden','Y','Whitaker','1985-10-10')
,(519,'Cassidy','E','Contreras','2005-01-05')
,(520,'Wilson','K','Avery','2004-06-27')
,(521,'Joey','Q','Bentley','1980-02-28')
,(522,'Josue','T','Hicks','1983-01-03')
,(523,'Sabrina','J','Morrow','1997-04-06')
,(524,'Stephanie','C','Joseph','1982-09-19')
,(525,'Anne','D','Bauer','2005-12-21')
,(526,'Madisyn','N','Bowen','1983-07-11')
,(527,'Felicity','W','Wong','1994-08-04')
,(528,'Jerimiah','R','Kennedy','1996-10-31')
,(529,'Karly','H','Salazar','1987-08-03')
,(530,'Faith','Y','Lancaster','2008-06-30')
,(531,'Alvin','Z','Harmon','1987-08-08')
,(532,'Alianna','U','Parrish','2001-10-22')
,(533,'Hugh','D','Pena','2003-12-18')
,(534,'Tommy','K','Bradshaw','2008-09-26')
,(535,'Colt','T','Sampson','2000-12-22')
,(536,'Luis','Y','Potter','2000-12-19')
,(537,'Catherine','Y','Mcknight','1997-03-05')
,(538,'Harold','J','Williams','1981-07-31')
,(539,'Kylie','J','Roach','1981-02-11')
,(540,'Rogelio','K','Frazier','1987-07-26')
,(541,'Jorge','G','Horne','1999-04-23')
,(542,'Nash','A','Hull','1994-10-27')
,(543,'Cherish','J','Nieves','1988-02-25')
,(544,'Charlie','W','Sosa','2000-10-11')
,(545,'Nova','L','Lara','1985-09-27')
,(546,'Karson','D','Haney','2005-02-05')
,(547,'Beckham','Q','Short','1984-02-17')
,(548,'Hayley','X','Soto','2003-03-10')
,(549,'Sergio','Q','Nichols','1991-04-13')
,(550,'Ryker','F','Stuart','1982-03-27')
,(551,'Ean','T','Todd','1993-12-23')
,(552,'Jerimiah','B','Dean','1983-11-25')
,(553,'Tomas','T','Leon','2001-03-24')
,(554,'Jaxson','Z','Atkins','2004-10-15')
,(555,'Fletcher','O','Ashley','1989-12-31')
,(556,'Ann','U','Crane','1998-06-18')
,(557,'Alexis','T','Velez','2003-06-08')
,(558,'Isai','X','Floyd','1991-04-16')
,(559,'Dante','P','Aguilar','1988-12-03')
,(560,'Aliza','I','Hickman','1993-05-14')
,(561,'Troy','F','Salazar','1997-02-23')
,(562,'Zavier','L','Blair','1988-03-06')
,(563,'Caylee','T','Merrill','1994-04-25')
,(564,'Beckham','X','Dickson','1998-05-09')
,(565,'Reese','E','Aguirre','1999-06-18')
,(566,'Kendra','Z','Malone','1993-05-08')
,(567,'Cecelia','J','Sellers','2003-10-03')
,(568,'Trace','K','Le','1987-05-14')
,(569,'Jorden','H','Avery','1980-04-26')
,(570,'Ronin','G','Mccoy','1984-11-07')
,(571,'Bruno','E','Bolton','2008-04-02')
,(572,'Ali','U','Parker','2005-10-14')
,(573,'Skyla','Y','Bolton','1984-07-02')
,(574,'Antonio','S','Santiago','1988-05-22')
,(575,'Paola','Q','Henson','1984-02-20')
,(576,'Chanel','N','Rowland','1996-06-27')
,(577,'Kaylie','Q','Baird','2005-09-13')
,(578,'Izayah','W','Oconnor','2003-03-30')
,(579,'Walter','G','Houston','1997-11-27')
,(580,'Dangelo','K','Palmer','1992-08-24')
,(581,'Kelsey','P','Foster','1984-07-15')
,(582,'Genesis','A','Wilcox','1996-08-16')
,(583,'Yehuda','O','Bradshaw','2003-10-06')
,(584,'Paisley','M','Nelson','1986-09-30')
,(585,'Miya','U','Dalton','2007-10-29')
,(586,'Darnell','S','Golden','1996-10-05')
,(587,'Edgar','Z','Chambers','1995-01-05')
,(588,'Shaniya','X','Reese','1994-05-25')
,(589,'Taryn','R','Hopper','1994-03-17')
,(590,'Brian','Y','Walls','1997-04-06')
,(591,'Gavyn','O','English','1982-07-20')
,(592,'Kendal','H','Macias','1981-01-07')
,(593,'Sonia','U','Oconnor','2005-05-23')
,(594,'Zara','B','Bass','1992-07-25')
,(595,'Vivian','A','Frazier','1996-09-28')
,(596,'Nicolas','P','Gutierrez','1991-03-25')
,(597,'Callum','K','Pollard','1985-02-02')
,(598,'Pierre','I','Ferguson','2003-08-24')
,(599,'Annie','W','Bowers','1992-08-27')
,(600,'Valeria','I','Patel','2002-10-11')
,(601,'Clinton','L','Soto','1982-09-21')
,(602,'Maria','C','Avery','2000-07-08')
,(603,'Marcel','M','Pacheco','1992-03-23')
,(604,'Ingrid','P','Lindsay','1989-03-21')
,(605,'Alina','Y','Gaines','2004-08-16')
,(606,'Thaddeus','R','Harmon','2006-05-23')
,(607,'Lilith','K','Carrillo','2007-08-07')
,(608,'Asa','E','Blanchard','1987-08-10')
,(609,'Eugene','P','Peck','2004-03-12')
,(610,'Derek','E','Aguirre','1992-05-21')
,(611,'Kyler','G','Elliott','1984-02-27')
,(612,'Jaelyn','J','Mcmahon','2001-12-27')
,(613,'Renata','V','Goodwin','1986-02-22')
,(614,'Sabrina','M','Hensley','2005-03-26')
,(615,'Luke','K','Mccray','1993-04-09')
,(616,'Akira','N','Gross','1993-01-11')
,(617,'Tatum','S','Morrison','2003-06-29')
,(618,'Harrison','K','Wood','1993-09-18')
,(619,'Corban','I','Boyle','2008-09-06')
,(620,'Viviana','R','Dejesus','1998-01-31')
,(621,'Lukas','R','Garrison','1998-07-15')
,(622,'Ruth','V','Olson','1987-08-23')
,(623,'Crystal','R','Holder','1991-11-17')
,(624,'Rowan','M','Holloway','1986-08-03')
,(625,'Urijah','X','Peterson','1982-12-27')
,(626,'Jalen','R','Shepard','1983-07-11')
,(627,'Chad','I','Rowland','1992-12-03')
,(628,'Santos','H','Morin','2007-02-17')
,(629,'Zariyah','J','Mann','2005-07-17')
,(630,'Ernesto','B','Miller','2004-11-11')
,(631,'Azaria','Q','Schneider','2008-04-04')
,(632,'Layla','J','Garza','2006-06-24')
,(633,'Flynn','A','Morton','2008-08-15')
,(634,'Mckenna','A','Mccormick','1993-05-31')
,(635,'Lillianna','D','Underwood','2006-04-18')
,(636,'Jasper','N','Brewer','1995-11-10')
,(637,'Makhi','E','Powers','2000-05-24')
,(638,'Alena','A','Blackburn','1994-03-18')
,(639,'Madison','B','Haley','2006-07-21')
,(640,'Emerson','C','Mitchell','1990-05-24')
,(641,'Matthew','F','Knowles','1990-08-23')
,(642,'Willie','I','Hopper','2002-10-23')
,(643,'Emelia','L','Love','2000-03-20')
,(644,'Haylie','Q','Osborne','1980-04-04')
,(645,'Fernanda','R','Elliott','1991-09-19')
,(646,'Steven','F','Carr','2006-05-07')
,(647,'Savannah','O','Patrick','2005-09-04')
,(648,'Maggie','H','Austin','1994-08-17')
,(649,'Aydan','Y','Campbell','1991-04-26')
,(650,'Bryant','F','Maxwell','2002-10-14')
,(651,'Ally','V','Graves','1996-12-24')
,(652,'Laila','O','Atkinson','2005-05-07')
,(653,'Britney','S','Sanchez','1997-06-21')
,(654,'Theodore','E','Hardy','1986-12-25')
,(655,'Hailee','A','Mercer','1998-11-28')
,(656,'Ryann','S','Daniel','2008-06-26')
,(657,'Everett','D','Watkins','1991-04-15')
,(658,'Jadiel','U','Solomon','2008-03-15')
,(659,'Tegan','B','Richard','2004-04-12')
,(660,'Rosa','C','Caldwell','1990-08-23')
,(661,'Roselyn','Y','Bright','1986-12-20')
,(662,'Kassandra','D','Reilly','1980-08-10')
,(663,'Luka','A','Chan','1999-06-02')
,(664,'Raymond','Y','Finley','1983-01-05')
,(665,'Taraji','C','Holland','1985-10-27')
,(666,'Mohamed','D','Hicks','1982-04-27')
,(667,'Travis','I','Skinner','1984-10-07')
,(668,'Jax','V','Odom','2000-10-05')
,(669,'Wilson','B','Weeks','2008-01-01')
,(670,'Brock','X','Barr','1987-11-12')
,(671,'Kolby','L','Moore','1989-07-19')
,(672,'Allie','C','Guzman','1988-07-02')
,(673,'Riya','S','Benjamin','1980-07-07')
,(674,'Paityn','A','Ortiz','1999-02-02')
,(675,'Sylvia','J','Glenn','2000-11-15')
,(676,'Kaiya','J','Foley','2005-05-12')
,(677,'Ayana','L','Vasquez','2006-06-16')
,(678,'Angeline','L','Velasquez','1985-10-19')
,(679,'Kellen','L','White','1987-06-25')
,(680,'Tiffany','O','Wagner','1991-02-27')
,(681,'Josephine','A','Solis','1996-03-15')
,(682,'Mila','Z','Gross','1981-10-26')
,(683,'Jazmine','Y','Roberts','1991-02-27')
,(684,'Giselle','O','Pugh','2000-09-20')
,(685,'Emery','X','Avila','2002-06-06')
,(686,'Shaun','P','Daniel','1990-12-26')
,(687,'Kassidy','H','Dunlap','1990-01-24')
,(688,'Armando','V','Moss','1999-10-28')
,(689,'Makenzie','K','Butler','1989-09-03')
,(690,'Livia','S','Allison','2007-08-06')
,(691,'Savanna','I','Daniel','1985-04-25')
,(692,'Ryker','I','Cardenas','2005-08-29')
,(693,'Jazlynn','S','England','2006-10-21')
,(694,'Haleigh','Q','Mercer','1997-04-16')
,(695,'Talon','O','Guzman','1982-05-12')
,(696,'Jake','T','Carver','1984-07-15')
,(697,'Karter','V','Williams','1981-01-12')
,(698,'Mercedes','N','Bradley','2002-01-27')
,(699,'Yaretzi','D','Parks','1999-02-24')
,(700,'Hayden','P','Dyer','1993-12-07')
,(701,'Kadence','Z','Carver','1996-01-29')
,(702,'Desiree','Y','Green','1993-10-17')
,(703,'Angeline','S','Morgan','1982-02-13')
,(704,'Whitney','Z','Jennings','1998-08-23')
,(705,'Ismael','M','Barrett','1984-05-12')
,(706,'Maria','N','Farrell','1982-12-11')
,(707,'Lacey','D','Hobbs','1988-05-11')
,(708,'Alia','L','Mcmillan','2008-06-14')
,(709,'Abigail','T','Potts','1997-05-26')
,(710,'Raphael','C','Mcfarland','1992-08-20')
,(711,'Sienna','R','Duran','1980-07-19')
,(712,'Broderick','H','Garrison','1991-04-10')
,(713,'Jensen','F','Simmons','1992-02-23')
,(714,'Justice','N','Harvey','1993-05-08')
,(715,'Alessandra','E','Bennett','2005-04-18')
,(716,'Dakota','Z','Dunlap','2004-06-11')
,(717,'Aiyana','P','Carpenter','1999-07-25')
,(718,'Delilah','B','Jimenez','1995-03-03')
,(719,'Alyvia','I','Mack','2005-12-29')
,(720,'Braiden','C','Phillips','1985-07-12')
,(721,'Demarcus','L','Martinez','1995-08-31')
,(722,'Carmen','A','Clark','1990-03-04')
,(723,'Lia','J','Santana','1998-03-05')
,(724,'Julian','C','Snyder','2003-04-18')
,(725,'Samson','U','Maddox','1992-01-29')
,(726,'Hattie','L','Mckenzie','1995-05-06')
,(727,'Lucian','J','Mcclain','2004-09-20')
,(728,'Phoebe','Q','Curry','1991-04-17')
,(729,'Kaitlin','I','Shannon','1986-09-06')
,(730,'Miguel','N','Cote','2005-08-14')
,(731,'Victor','V','Franklin','2003-12-05')
,(732,'Leilani','H','Glenn','1988-09-07')
,(733,'Eden','D','Fitzgerald','1983-03-12')
,(734,'Michelle','A','Mccullough','2005-01-08')
,(735,'Maximo','N','Guy','1981-06-30')
,(736,'Zane','M','Suarez','2002-01-04')
,(737,'Cyrus','G','Montgomery','2008-01-28')
,(738,'Briley','C','Espinoza','1983-05-16')
,(739,'Phoebe','C','Pearson','2003-03-13')
,(740,'Deanna','E','Hancock','1983-11-08')
,(741,'Elle','E','Fischer','1997-10-15')
,(742,'Gabriel','S','Walton','2003-04-28')
,(743,'Diego','S','Bentley','1993-10-03')
,(744,'Aylin','Z','Barker','2000-03-11')
,(745,'Taylor','Y','Jordan','2004-05-01')
,(746,'Lacey','K','Landry','1999-10-27')
,(747,'Jean','O','Horne','1992-09-15')
,(748,'Nicolas','X','Nelson','2008-03-28')
,(749,'Abrielle','B','Shaffer','1982-01-22')
,(750,'Taliyah','W','Snider','2001-09-05')
,(751,'Camron','O','Schroeder','1987-12-16')
,(752,'Damion','Q','Hale','2001-08-01')
,(753,'Shiloh','J','Pace','1998-12-23')
,(754,'Will','V','Hunt','1994-10-11')
,(755,'Hannah','B','Petersen','1987-09-07')
,(756,'Bowen','X','Jones','1982-11-04')
,(757,'Taliyah','Q','Mcguire','1995-02-19')
,(758,'Natalee','B','Everett','1987-06-08')
,(759,'Adeline','L','Porter','1984-11-02')
,(760,'Valentin','U','Espinoza','2002-03-30')
,(761,'Braden','Q','Whitley','1998-04-02')
,(762,'Sonia','I','Wilkinson','2002-08-22')
,(763,'Salvador','W','Norris','1999-11-15')
,(764,'Trinity','B','Mcfadden','2002-10-26')
,(765,'Melany','H','Glover','1998-08-25')
,(766,'Coleman','S','Sweet','1985-10-15')
,(767,'Adelyn','D','Hall','1996-02-16')
,(768,'Kassandra','X','Peck','1981-03-09')
,(769,'Jaxton','J','Nash','1993-11-13')
,(770,'Alexzander','T','Whitehead','1997-09-03')
,(771,'Wayne','I','Richardson','1981-12-02')
,(772,'Tomas','X','Good','1989-06-29')
,(773,'Lennon','W','Long','1996-03-09')
,(774,'Millie','O','Stephenson','2002-05-03')
,(775,'Makhi','N','Read','2006-04-21')
,(776,'Lila','V','Landry','1998-03-22')
,(777,'Jakob','X','Witt','2002-12-18')
,(778,'Julia','K','Mckinney','1996-06-29')
,(779,'Kamila','Q','Payne','1988-10-29')
,(780,'Tristian','I','Berry','1992-10-17')
,(781,'Beckett','E','Talley','1990-11-04')
,(782,'Yandel','U','Valdez','1988-08-17')
,(783,'Renee','M','Walter','1984-03-10')
,(784,'Hector','W','Mooney','2005-07-08')
,(785,'Cannon','A','Fuller','1995-06-29')
,(786,'Mira','Q','Hayden','1982-07-23')
,(787,'Brinley','U','Ellison','2002-02-10')
,(788,'Kristina','E','Faulkner','1987-02-20')
,(789,'Emerson','K','Carson','1999-11-04')
,(790,'Katelynn','D','Kramer','2004-07-10')
,(791,'Finley','Q','Jones','1998-04-28')
,(792,'Yaretzi','C','Dalton','1980-03-26')
,(793,'Delilah','W','Adams','1991-09-09')
,(794,'Mckenzie','Z','Mayer','1980-11-10')
,(795,'Zachary','P','Sutton','2003-05-11')
,(796,'Ricky','T','Hatfield','1999-08-24')
,(797,'Darnell','Z','Tran','2003-12-01')
,(798,'Rashad','M','Garcia','1998-09-19')
,(799,'Layne','N','Mcgee','1994-04-09')
,(800,'Zaiden','N','Austin','1997-07-23')
,(801,'Bradley','Q','Carson','1992-02-18')
,(802,'Eva','A','Leblanc','2008-03-02')
,(803,'Noe','D','Coleman','1988-01-26')
,(804,'Ralph','J','Case','1983-09-17')
,(805,'Braelyn','T','Duncan','1993-05-01')
,(806,'Clare','I','Sampson','1986-03-09')
,(807,'Crew','P','Cohen','1985-05-06')
,(808,'Vivian','K','Sanders','1996-11-29')
,(809,'Austin','J','Glover','1989-04-14')
,(810,'Demetrius','Z','Young','2001-12-31')
,(811,'Tianna','G','Mayo','1985-09-13')
,(812,'Hayes','F','Payne','1999-01-10')
,(813,'Jazmyn','E','Whitley','2008-01-20')
,(814,'Hassan','Y','Fletcher','1980-12-10')
,(815,'Salma','W','Farmer','1986-05-31')
,(816,'Meredith','H','Foster','1981-04-08')
,(817,'Jaylene','X','Sexton','1981-09-17')
,(818,'Adrien','V','Reese','1997-02-09')
,(819,'Brenden','I','Harris','2000-05-14')
,(820,'Crosby','B','Riley','1993-05-02')
,(821,'Crosby','G','Oliver','1981-03-01')
,(822,'Nataly','J','Morrow','1994-02-19')
,(823,'Aiden','I','Lucas','2001-03-20')
,(824,'Demarcus','O','Vargas','2008-04-13')
,(825,'Kane','Z','James','2006-10-15')
,(826,'Jordan','Y','Browning','1996-11-04')
,(827,'Jordan','R','Chen','1985-11-19')
,(828,'Lillian','R','Martinez','2001-09-27')
,(829,'Raelyn','D','Collins','1996-08-21')
,(830,'Amirah','F','Alvarado','1981-08-31')
,(831,'Iker','R','Ball','1997-12-02')
,(832,'Carolina','I','Hopkins','1998-11-27')
,(833,'Skyler','J','Ward','2005-02-02')
,(834,'Edith','R','Hodges','1983-11-14')
,(835,'Danica','O','Rowland','1998-07-11')
,(836,'Quintin','T','Tate','2003-07-06')
,(837,'Ryland','H','Contreras','1983-05-26')
,(838,'Howard','O','Simmons','1992-10-16')
,(839,'Jaylin','M','Sears','1980-11-16')
,(840,'Zachery','U','Roman','1994-10-24')
,(841,'Billy','G','Coffey','2006-02-24')
,(842,'Brody','G','Fleming','1984-07-07')
,(843,'Eden','C','Fletcher','1994-01-21')
,(844,'Karter','W','Stephenson','1996-04-21')
,(845,'Randall','T','Mcdonald','1989-06-27')
,(846,'Piper','Y','Durham','2005-03-23')
,(847,'Madisyn','F','Welch','2000-01-02')
,(848,'Adriel','Y','Browning','1998-03-25')
,(849,'Nadia','L','Church','1999-07-29')
,(850,'Trey','J','Fuller','1998-04-27')
,(851,'Alice','X','Cannon','1993-11-12')
,(852,'Gilberto','Q','Bennett','1999-06-18')
,(853,'Emerson','B','Rush','1994-01-28')
,(854,'Melvin','H','Mcdaniel','1986-05-03')
,(855,'Hanna','C','Sharp','1980-04-16')
,(856,'Johnathon','P','Mathis','1991-01-19')
,(857,'Aryanna','Q','Macias','1997-01-01')
,(858,'Mara','P','Cooper','1983-04-09')
,(859,'Janessa','S','Dale','1991-06-15')
,(860,'Ali','D','Roberson','2004-01-28')
,(861,'Kohen','J','Alston','1985-11-18')
,(862,'Aaden','T','Mcdaniel','1995-08-17')
,(863,'Malakai','K','Parsons','1986-08-18')
,(864,'Gracelyn','R','Roth','2005-12-04')
,(865,'Helena','C','Wolf','2002-03-02')
,(866,'Cale','G','Perry','2003-12-31')
,(867,'Temperance','B','Holcomb','1995-11-08')
,(868,'Briley','Z','Davidson','1989-08-14')
,(869,'Bailey','M','Mann','1988-01-23')
,(870,'Rhett','D','Torres','1991-07-04')
,(871,'Carmelo','I','Huff','1994-06-10')
,(872,'Myra','G','Olsen','2006-12-05')
,(873,'Alana','Y','Morris','2003-01-14')
,(874,'Brenda','U','Tucker','1984-01-13')
,(875,'Kara','U','Raymond','2006-09-19')
,(876,'Xavier','F','Lopez','1995-11-28')
,(877,'Aimee','S','Reeves','1992-07-01')
,(878,'Austin','U','Slater','2005-10-06')
,(879,'Kailey','J','Pittman','1995-07-09')
,(880,'Emery','Q','Ochoa','1992-09-24')
,(881,'Adelaide','U','Jimenez','2000-12-18')
,(882,'Lillian','C','Dale','1996-07-11')
,(883,'Waylon','K','Alvarez','1981-09-27')
,(884,'Angel','L','Freeman','2008-09-03')
,(885,'Bently','G','Herrera','1994-01-19')
,(886,'Leila','R','Moses','1981-05-07')
,(887,'Karsyn','Z','Briggs','2001-03-04')
,(888,'Angelica','K','Madden','2005-06-22')
,(889,'Leah','L','Mcleod','1998-07-19')
,(890,'Johanna','D','Harvey','1997-03-26')
,(891,'Delilah','X','Santos','2005-06-21')
,(892,'Addilyn','Z','Dixon','2001-03-09')
,(893,'Anabel','E','Riddle','1998-02-18')
,(894,'Kolten','I','Frost','2002-02-26')
,(895,'Kaylynn','G','Cox','1982-12-22')
,(896,'Francesca','K','Burt','1992-09-04')
,(897,'Killian','S','Fulton','1995-07-20')
,(898,'Brett','O','Donovan','2000-03-25')
,(899,'Angelina','X','Dodson','2003-03-28')
,(900,'Jada','G','Crawford','1983-10-24')
,(901,'Mohamed','T','Bauer','2003-06-05')
,(902,'Rivka','M','Johnson','2008-11-04')
,(903,'Bryce','T','Miller','1999-12-31')
,(904,'Luka','B','Morgan','1989-12-24')
,(905,'Briana','W','Madden','1988-10-27')
,(906,'Deegan','M','James','1993-12-13')
,(907,'Felicity','U','Ellis','2008-08-05')
,(908,'Karen','K','Trujillo','1981-03-26')
,(909,'Jadon','T','Washington','1984-10-18')
,(910,'Cayson','A','Hopper','1982-11-04')
,(911,'Ezekiel','B','Buckley','2008-01-07')
,(912,'Anders','B','Clayton','1981-09-16')
,(913,'Remy','Q','Duffy','2006-04-19')
,(914,'Neveah','R','Hunter','2004-12-11')
,(915,'Cali','F','Thornton','1993-07-31')
,(916,'Nathalie','N','Buck','2002-01-20')
,(917,'Rosa','W','Chandler','2002-04-03')
,(918,'Lawson','X','Harvey','2000-12-30')
,(919,'Delaney','B','Deleon','2000-04-05')
,(920,'Devan','U','Flores','1986-12-24')
,(921,'Jemma','Q','Guzman','2008-03-03')
,(922,'Donovan','G','Branch','2004-07-24')
,(923,'Kaia','P','Sanchez','1986-03-12')
,(924,'Erika','Y','Compton','2001-11-01')
,(925,'Brianna','L','Savage','1993-06-14')
,(926,'Jerimiah','Q','Lott','2007-12-12')
,(927,'Zayne','W','Newman','1999-02-06')
,(928,'Selah','E','Barrera','1987-07-17')
,(929,'Liana','G','Preston','1991-03-26')
,(930,'Junior','T','Phelps','1992-03-22')
,(931,'Jayden','H','Morgan','1987-09-01')
,(932,'Lawrence','N','Vaughn','1989-10-06')
,(933,'Conrad','I','Black','1997-09-24')
,(934,'Jenna','G','Castillo','1987-12-28')
,(935,'Kendyl','R','Jarvis','2008-01-14')
,(936,'Aliza','X','Vazquez','1996-01-23')
,(937,'Ismael','T','Christian','2004-01-19')
,(938,'Isaias','P','Gamble','1982-04-06')
,(939,'Perla','U','Combs','1992-11-17')
,(940,'Kailynn','Z','Graves','1982-10-28')
,(941,'Jorden','L','Cortez','1985-02-22')
,(942,'Liana','M','Pierce','1989-06-20')
,(943,'Bronson','Y','Vinson','1993-08-18')
,(944,'Jennifer','Y','Chandler','1982-08-31')
,(945,'Brynlee','Y','Ayers','1995-06-02')
,(946,'Cynthia','C','Banks','1983-01-18')
,(947,'Zackery','Q','Blake','2002-10-04')
,(948,'Camdyn','O','Roth','1985-10-18')
,(949,'Alvaro','S','Kirkland','1985-12-12')
,(950,'Kyra','N','Tyler','1990-11-27')
,(951,'Madilyn','I','Graves','1986-03-03')
,(952,'Maeve','P','Garrison','1996-01-13')
,(953,'Belen','O','Moore','1996-07-02')
,(954,'Jaden','W','Webb','1981-04-18')
,(955,'Alondra','X','Robbins','1990-02-18')
,(956,'Jazlynn','R','Holt','1988-04-08')
,(957,'Oscar','J','Wade','2008-04-04')
,(958,'Madeline','L','Cervantes','2002-03-23')
,(959,'Maximus','T','Sanders','1997-10-27')
,(960,'Finley','F','Pugh','1998-06-27')
,(961,'Cayden','E','Beach','2008-12-09')
,(962,'Zion','D','Lucas','2003-01-18')
,(963,'Reyna','C','Hinton','2002-07-03')
,(964,'Madden','G','Bell','1988-09-11')
,(965,'Ryleigh','F','Luna','1998-11-27')
,(966,'Thaddeus','N','Ortega','1989-01-28')
,(967,'Averi','D','Holman','2003-04-26')
,(968,'Aaron','T','Dillon','1987-10-17')
,(969,'Ayana','J','Lindsay','1996-06-27')
,(970,'Cristian','V','Palmer','1992-01-08')
,(971,'Dominic','I','Ruiz','2001-02-24')
,(972,'Alijah','Q','Montoya','1992-01-14')
,(973,'Madalyn','J','Sweet','1981-04-03')
,(974,'Noel','C','Mcintosh','1982-05-06')
,(975,'Bianca','V','Hancock','1988-07-14')
,(976,'Isiah','O','Rodriguez','2008-08-23')
,(977,'Damion','S','Oconnor','2006-08-25')
,(978,'Presley','C','Jefferson','1988-10-29')
,(979,'Efrain','V','Odonnell','1999-08-27')
,(980,'Miya','R','Rogers','1987-09-02')
,(981,'Jolene','F','Whitaker','1991-07-02')
,(982,'Gianna','E','Wynn','2004-02-08')
,(983,'Kaitlin','V','Mayer','1980-01-12')
,(984,'Holden','H','Campos','1999-07-25')
,(985,'Lilith','K','Campos','1993-07-26')
,(986,'Sage','C','Calhoun','1980-08-10')
,(987,'Teagan','Y','Hendrix','1989-10-26')
,(988,'Campbell','T','Chase','2006-07-11')
,(989,'Lexie','S','Rich','2008-04-25')
,(990,'Reagan','S','Barton','2005-07-01')
,(991,'Johnny','T','Collins','1993-11-23')
,(992,'Elisha','V','Pittman','1980-06-28')
,(993,'Courtney','N','Dale','2003-02-25')
,(994,'Graham','B','Reyes','2005-07-22')
,(995,'Calvin','W','Kaufman','1994-11-05')
,(996,'Piper','D','Dunn','1980-07-20')
,(997,'Emmalyn','Y','Barr','1983-09-07')
,(998,'Audrina','X','Solis','1994-02-24')
,(999,'Tyler','I','Harrell','1992-02-17')
,(1000,'Caroline','G','Baker','1986-04-19')
GO

INSERT INTO `Student` (`StudentId`,`PersonId`,`Email`)
VALUES
 (1,1,'AdeleRosales@university.com')
,(2,2,'JustusGomez@university.com')
,(3,3,'IsiahWarner@university.com')
,(4,4,'EricaCampos@university.com')
,(5,5,'DesmondValdez@university.com')
,(6,6,'ArnavPowers@university.com')
,(7,7,'AliBowen@university.com')
,(8,8,'MalayaBurgess@university.com')
,(9,9,'HaleighHopper@university.com')
,(10,10,'CoreyMcclure@university.com')
,(11,11,'JacobDotson@university.com')
,(12,12,'AdenPetty@university.com')
,(13,13,'TheodoreAcosta@university.com')
,(14,14,'HarleyManning@university.com')
,(15,15,'KarmaGuerrero@university.com')
,(16,16,'LegendOlson@university.com')
,(17,17,'IssacLee@university.com')
,(18,18,'MaggieYork@university.com')
,(19,19,'AmareHernandez@university.com')
,(20,20,'LilahAbbott@university.com')
,(21,21,'EugeneMathis@university.com')
,(22,22,'MiyaWarren@university.com')
,(23,23,'MuhammadScott@university.com')
,(24,24,'ErikMcmillan@university.com')
,(25,25,'ValentinoChristensen@university.com')
,(26,26,'TrystanBarker@university.com')
,(27,27,'MarcusOwens@university.com')
,(28,28,'AylinJoyner@university.com')
,(29,29,'GeorgeRichardson@university.com')
,(30,30,'ScottWooten@university.com')
,(31,31,'MonicaRoth@university.com')
,(32,32,'NoemiShelton@university.com')
,(33,33,'MaliyahRamsey@university.com')
,(34,34,'WaylonBradley@university.com')
,(35,35,'LauraHerrera@university.com')
,(36,36,'LyricHorton@university.com')
,(37,37,'DeandreHopper@university.com')
,(38,38,'KeyonHensley@university.com')
,(39,39,'LunaChan@university.com')
,(40,40,'ArloMartin@university.com')
,(41,41,'FinleySaunders@university.com')
,(42,42,'LucasBall@university.com')
,(43,43,'CarlaHill@university.com')
,(44,44,'KaraGould@university.com')
,(45,45,'JovaniHeath@university.com')
,(46,46,'LiamParks@university.com')
,(47,47,'JeramiahStanley@university.com')
,(48,48,'ArmaniHensley@university.com')
,(49,49,'KoltonHopkins@university.com')
,(50,50,'PorterSears@university.com')
,(51,51,'JeromeJarvis@university.com')
,(52,52,'BroderickTerry@university.com')
,(53,53,'DrakeHammond@university.com')
,(54,54,'HassanCarney@university.com')
,(55,55,'LaraTorres@university.com')
,(56,56,'SharonJefferson@university.com')
,(57,57,'JasminCummings@university.com')
,(58,58,'RhysHerman@university.com')
,(59,59,'EdenMeyers@university.com')
,(60,60,'EddieClements@university.com')
,(61,61,'QuincyGoodwin@university.com')
,(62,62,'SamiyahOrtega@university.com')
,(63,63,'DevonGarcia@university.com')
,(64,64,'LillieHanson@university.com')
,(65,65,'EvangelineMccall@university.com')
,(66,66,'FreddyColeman@university.com')
,(67,67,'MaddenCross@university.com')
,(68,68,'DamarisMckay@university.com')
,(69,69,'IlianaBlankenship@university.com')
,(70,70,'JulietaWilder@university.com')
,(71,71,'SelahMcpherson@university.com')
,(72,72,'JermaineKinney@university.com')
,(73,73,'HaleySmith@university.com')
,(74,74,'AnnaCote@university.com')
,(75,75,'BrielleWilder@university.com')
,(76,76,'AlejandraVaughan@university.com')
,(77,77,'DeeganKeith@university.com')
,(78,78,'JoselynRandolph@university.com')
,(79,79,'BrettSpence@university.com')
,(80,80,'IkerOwens@university.com')
,(81,81,'CherishMonroe@university.com')
,(82,82,'MaxBallard@university.com')
,(83,83,'CaliJefferson@university.com')
,(84,84,'AnaliaPatterson@university.com')
,(85,85,'SidneyKerr@university.com')
,(86,86,'PrincetonMcintyre@university.com')
,(87,87,'ReubenGalloway@university.com')
,(88,88,'JeanWalters@university.com')
,(89,89,'JosiahRoberson@university.com')
,(90,90,'SamanthaDennis@university.com')
,(91,91,'JuniperPatton@university.com')
,(92,92,'MacyHopper@university.com')
,(93,93,'FernandaWilliamson@university.com')
,(94,94,'JairoMcintyre@university.com')
,(95,95,'NicoleKirby@university.com')
,(96,96,'PedroSingleton@university.com')
,(97,97,'BrendanFoley@university.com')
,(98,98,'DelaneyMathews@university.com')
,(99,99,'ShaneCasey@university.com')
,(100,100,'NathanaelMorrow@university.com')
,(101,101,'JensenMccall@university.com')
,(102,102,'MaximoReid@university.com')
,(103,103,'KrystalBuckner@university.com')
,(104,104,'BennettGreen@university.com')
,(105,105,'KennyNoel@university.com')
,(106,106,'ScarlettWooten@university.com')
,(107,107,'CarsonCalderon@university.com')
,(108,108,'CindyMeyers@university.com')
,(109,109,'JuanLeach@university.com')
,(110,110,'DamarisClayton@university.com')
,(111,111,'AdelineSolomon@university.com')
,(112,112,'ChadBurris@university.com')
,(113,113,'JoshuaMckenzie@university.com')
,(114,114,'AlaniHarmon@university.com')
,(115,115,'GenevieveWorkman@university.com')
,(116,116,'CasenDonovan@university.com')
,(117,117,'TobyReid@university.com')
,(118,118,'JaidaMartinez@university.com')
,(119,119,'FaithWalker@university.com')
,(120,120,'SamaraAcosta@university.com')
,(121,121,'CortezHardy@university.com')
,(122,122,'MarianoLyons@university.com')
,(123,123,'DeniseGeorge@university.com')
,(124,124,'KaileyHughes@university.com')
,(125,125,'AaronPerez@university.com')
,(126,126,'ElijahPadilla@university.com')
,(127,127,'EileenSalazar@university.com')
,(128,128,'AlonzoYates@university.com')
,(129,129,'DiegoFarrell@university.com')
,(130,130,'AllanLucas@university.com')
,(131,131,'NathalieHouston@university.com')
,(132,132,'AshlynWeeks@university.com')
,(133,133,'AlonsoWall@university.com')
,(134,134,'XavierSchwartz@university.com')
,(135,135,'JakobChang@university.com')
,(136,136,'SolomonMueller@university.com')
,(137,137,'DominicMcintyre@university.com')
,(138,138,'ArloTran@university.com')
,(139,139,'AliciaVance@university.com')
,(140,140,'RaydenHarding@university.com')
,(141,141,'ColtonJarvis@university.com')
,(142,142,'JustinGamble@university.com')
,(143,143,'JourneyHodge@university.com')
,(144,144,'YamiletDelgado@university.com')
,(145,145,'CullenDixon@university.com')
,(146,146,'BentleySykes@university.com')
,(147,147,'AshtynMorgan@university.com')
,(148,148,'ClaudiaEngland@university.com')
,(149,149,'SaulWiley@university.com')
,(150,150,'RileyVillarreal@university.com')
,(151,151,'AshlynnBradley@university.com')
,(152,152,'LeightonHolder@university.com')
,(153,153,'MasenHamilton@university.com')
,(154,154,'FrancesSampson@university.com')
,(155,155,'KareemWolfe@university.com')
,(156,156,'ArielKramer@university.com')
,(157,157,'WillUnderwood@university.com')
,(158,158,'CaseSalinas@university.com')
,(159,159,'ElyseRowe@university.com')
,(160,160,'ZavierMercado@university.com')
,(161,161,'IvyBlack@university.com')
,(162,162,'JasonHubbard@university.com')
,(163,163,'LeightonRichard@university.com')
,(164,164,'PaytonVinson@university.com')
,(165,165,'CarterCervantes@university.com')
,(166,166,'HannahDalton@university.com')
,(167,167,'JaydonJarvis@university.com')
,(168,168,'BrunoWarner@university.com')
,(169,169,'ChaimCarr@university.com')
,(170,170,'ElinBryan@university.com')
,(171,171,'MikaylaCotton@university.com')
,(172,172,'AngelaMcconnell@university.com')
,(173,173,'MosesWinters@university.com')
,(174,174,'DeclanJarvis@university.com')
,(175,175,'RayneGlover@university.com')
,(176,176,'BennettVega@university.com')
,(177,177,'ElizabethCross@university.com')
,(178,178,'KrystalMendoza@university.com')
,(179,179,'RavenMcfadden@university.com')
,(180,180,'JerimiahRussell@university.com')
,(181,181,'CarolinaStuart@university.com')
,(182,182,'LindaMccall@university.com')
,(183,183,'BradenCollins@university.com')
,(184,184,'DanicaRhodes@university.com')
,(185,185,'RaulBerg@university.com')
,(186,186,'LiviaBishop@university.com')
,(187,187,'AnabellaPierce@university.com')
,(188,188,'MeadowFields@university.com')
,(189,189,'RyannSnider@university.com')
,(190,190,'MorganCantu@university.com')
,(191,191,'HeathWilkins@university.com')
,(192,192,'LivMaxwell@university.com')
,(193,193,'XanderRomero@university.com')
,(194,194,'MosesMcclain@university.com')
,(195,195,'SeamusLawson@university.com')
,(196,196,'JaelynSullivan@university.com')
,(197,197,'DustinJoyce@university.com')
,(198,198,'HayleighBarrera@university.com')
,(199,199,'AleenaOwen@university.com')
,(200,200,'BrysonMiller@university.com')
,(201,201,'TarynGarza@university.com')
,(202,202,'GwynethLowe@university.com')
,(203,203,'RaphaelMcfadden@university.com')
,(204,204,'JulietaDavid@university.com')
,(205,205,'LennonSparks@university.com')
,(206,206,'EmeryVega@university.com')
,(207,207,'IlianaCooke@university.com')
,(208,208,'TalonLogan@university.com')
,(209,209,'LouisBeck@university.com')
,(210,210,'TraceRandolph@university.com')
,(211,211,'SamsonTanner@university.com')
,(212,212,'TroyStephenson@university.com')
,(213,213,'JordynPitts@university.com')
,(214,214,'JudithRowland@university.com')
,(215,215,'ZariahShort@university.com')
,(216,216,'BrynleeHebert@university.com')
,(217,217,'MauriceRosario@university.com')
,(218,218,'HeidiSimmons@university.com')
,(219,219,'LindsayChurch@university.com')
,(220,220,'JulissaHarding@university.com')
,(221,221,'SophieMclaughlin@university.com')
,(222,222,'HughLang@university.com')
,(223,223,'IsmaelGillespie@university.com')
,(224,224,'EliVance@university.com')
,(225,225,'YareliGeorge@university.com')
,(226,226,'SterlingCamacho@university.com')
,(227,227,'JamieHutchinson@university.com')
,(228,228,'BransonWilson@university.com')
,(229,229,'BennettHull@university.com')
,(230,230,'KailynnRush@university.com')
,(231,231,'MicahBrowning@university.com')
,(232,232,'DeanShannon@university.com')
,(233,233,'KaylynnWall@university.com')
,(234,234,'VincenzoFloyd@university.com')
,(235,235,'PrincessKlein@university.com')
,(236,236,'GavinConrad@university.com')
,(237,237,'BrendanLeblanc@university.com')
,(238,238,'KrystalGates@university.com')
,(239,239,'TristonTanner@university.com')
,(240,240,'DannyDunn@university.com')
,(241,241,'JaniyaFlowers@university.com')
,(242,242,'CatalinaRobbins@university.com')
,(243,243,'JadynBradford@university.com')
,(244,244,'IsaiDunn@university.com')
,(245,245,'AshtonSmith@university.com')
,(246,246,'MadalynGiles@university.com')
,(247,247,'HeavenStone@university.com')
,(248,248,'LilahWitt@university.com')
,(249,249,'JoyMolina@university.com')
,(250,250,'JourneyCampos@university.com')
,(251,251,'MaddenBryant@university.com')
,(252,252,'HughBryant@university.com')
,(253,253,'ReubenVinson@university.com')
,(254,254,'CorbanFlores@university.com')
,(255,255,'DannyMontoya@university.com')
,(256,256,'KatieMiller@university.com')
,(257,257,'JourneeRoss@university.com')
,(258,258,'ReedSheppard@university.com')
,(259,259,'JerimiahGalloway@university.com')
,(260,260,'GaugeGriffith@university.com')
,(261,261,'SariyahHanson@university.com')
,(262,262,'TessaScott@university.com')
,(263,263,'KristianDavidson@university.com')
,(264,264,'MaritzaRoman@university.com')
,(265,265,'AiyanaKoch@university.com')
,(266,266,'GunnerGrant@university.com')
,(267,267,'HaleyFletcher@university.com')
,(268,268,'AmirMolina@university.com')
,(269,269,'RemingtonGoodwin@university.com')
,(270,270,'JulianCannon@university.com')
,(271,271,'SariahDowns@university.com')
,(272,272,'MalayaDalton@university.com')
,(273,273,'IsaiahHester@university.com')
,(274,274,'GenesisNixon@university.com')
,(275,275,'RavenByrd@university.com')
,(276,276,'MelanieCantu@university.com')
,(277,277,'KayleeBridges@university.com')
,(278,278,'ZaniyahOconnor@university.com')
,(279,279,'EmmaleeFranklin@university.com')
,(280,280,'AdelinaAnderson@university.com')
,(281,281,'DarrylLynn@university.com')
,(282,282,'JaronLindsey@university.com')
,(283,283,'DannyMccoy@university.com')
,(284,284,'KylieWalters@university.com')
,(285,285,'MariyahRichard@university.com')
,(286,286,'JaylinPerkins@university.com')
,(287,287,'MasonParker@university.com')
,(288,288,'RoselynTyler@university.com')
,(289,289,'KyleeRosario@university.com')
,(290,290,'LeonelJoseph@university.com')
,(291,291,'AnnabellAndrews@university.com')
,(292,292,'AnaPotter@university.com')
,(293,293,'LeonardoMayer@university.com')
,(294,294,'JonahMorton@university.com')
,(295,295,'GiovannaJacobs@university.com')
,(296,296,'KeeganGriffith@university.com')
,(297,297,'MeghanBerger@university.com')
,(298,298,'LandenHuber@university.com')
,(299,299,'WarrenWitt@university.com')
,(300,300,'DianaHardy@university.com')
,(301,301,'MariaCrawford@university.com')
,(302,302,'MaddisonWatson@university.com')
,(303,303,'GriffinJefferson@university.com')
,(304,304,'BridgerFrye@university.com')
,(305,305,'JosiahSloan@university.com')
,(306,306,'JaidenMolina@university.com')
,(307,307,'KendallColon@university.com')
,(308,308,'HarperGuthrie@university.com')
,(309,309,'BrunoRowe@university.com')
,(310,310,'LamarFrost@university.com')
,(311,311,'KevinLewis@university.com')
,(312,312,'KaiSloan@university.com')
,(313,313,'SimoneColeman@university.com')
,(314,314,'MarleneBlanchard@university.com')
,(315,315,'RowanLawson@university.com')
,(316,316,'AvaVelez@university.com')
,(317,317,'NoemiGriffin@university.com')
,(318,318,'BreeTyson@university.com')
,(319,319,'SloaneMcdaniel@university.com')
,(320,320,'JohnnyOrr@university.com')
,(321,321,'IreneNewton@university.com')
,(322,322,'EmilySweet@university.com')
,(323,323,'PresleyMoore@university.com')
,(324,324,'JaidaKirk@university.com')
,(325,325,'CaleRutledge@university.com')
,(326,326,'KysonLynn@university.com')
,(327,327,'AlexisMcmillan@university.com')
,(328,328,'IsisLara@university.com')
,(329,329,'RemingtonWarren@university.com')
,(330,330,'LelandKennedy@university.com')
,(331,331,'MessiahMullen@university.com')
,(332,332,'SaraNoble@university.com')
,(333,333,'BriellaHurley@university.com')
,(334,334,'WinstonHutchinson@university.com')
,(335,335,'DaneAtkinson@university.com')
,(336,336,'AmareShaffer@university.com')
,(337,337,'JaronMaldonado@university.com')
,(338,338,'MohammadDickson@university.com')
,(339,339,'AlessandroBird@university.com')
,(340,340,'AbigailWitt@university.com')
,(341,341,'MonicaCantu@university.com')
,(342,342,'EverettZimmerman@university.com')
,(343,343,'AudrianaMiranda@university.com')
,(344,344,'TatianaNoble@university.com')
,(345,345,'NahlaJohnston@university.com')
,(346,346,'JaniyahWelch@university.com')
,(347,347,'BlakeKeller@university.com')
,(348,348,'AadenWest@university.com')
,(349,349,'JayleneDelacruz@university.com')
,(350,350,'CamilaSanders@university.com')
,(351,351,'GeorgePena@university.com')
,(352,352,'BrandenLangley@university.com')
,(353,353,'CortezDavidson@university.com')
,(354,354,'GageWilder@university.com')
,(355,355,'LondynWyatt@university.com')
,(356,356,'LennoxGraves@university.com')
,(357,357,'SoniaDickson@university.com')
,(358,358,'FinneganBecker@university.com')
,(359,359,'JulietteParrish@university.com')
,(360,360,'JamariBarrera@university.com')
,(361,361,'KennedyHarris@university.com')
,(362,362,'GiadaFernandez@university.com')
,(363,363,'DamarisNorris@university.com')
,(364,364,'MaximilianoSawyer@university.com')
,(365,365,'NorahSloan@university.com')
,(366,366,'SavannaCabrera@university.com')
,(367,367,'CarolineLe@university.com')
,(368,368,'CameronShort@university.com')
,(369,369,'AndreMcintyre@university.com')
,(370,370,'EliannaHoward@university.com')
,(371,371,'DeangeloRose@university.com')
,(372,372,'ElisaThornton@university.com')
,(373,373,'IlianaStrickland@university.com')
,(374,374,'KaitlynnNieves@university.com')
,(375,375,'RaelynRuiz@university.com')
,(376,376,'ChaimHodge@university.com')
,(377,377,'GriffinSullivan@university.com')
,(378,378,'ShelbyHarper@university.com')
,(379,379,'BrayanCastaneda@university.com')
,(380,380,'KameronMorton@university.com')
,(381,381,'PaytonVaughn@university.com')
,(382,382,'LiliaNichols@university.com')
,(383,383,'IvyMaynard@university.com')
,(384,384,'ArianBurns@university.com')
,(385,385,'KylerAlford@university.com')
,(386,386,'CharleeWallace@university.com')
,(387,387,'JosueMartin@university.com')
,(388,388,'EstebanGregory@university.com')
,(389,389,'VihaanPalmer@university.com')
,(390,390,'SamuelYang@university.com')
,(391,391,'KayleeMay@university.com')
,(392,392,'KellanCannon@university.com')
,(393,393,'HarrisonHickman@university.com')
,(394,394,'KaliyahCervantes@university.com')
,(395,395,'FrankieRosales@university.com')
,(396,396,'GeraldineMarsh@university.com')
,(397,397,'KylanSellers@university.com')
,(398,398,'MinaPage@university.com')
,(399,399,'JourneeKemp@university.com')
,(400,400,'JuneHodge@university.com')
,(401,401,'JoeBonner@university.com')
,(402,402,'MacieHansen@university.com')
,(403,403,'JaceyRandolph@university.com')
,(404,404,'NataliaMcbride@university.com')
,(405,405,'MadalynAyers@university.com')
,(406,406,'EduardoChapman@university.com')
,(407,407,'KendraBrowning@university.com')
,(408,408,'AimeeJoseph@university.com')
,(409,409,'NevaehGibbs@university.com')
,(410,410,'CaseyMann@university.com')
,(411,411,'FranciscoLove@university.com')
,(412,412,'KeyonRichard@university.com')
,(413,413,'TaylorMccormick@university.com')
,(414,414,'StephenBranch@university.com')
,(415,415,'EmmalynConrad@university.com')
,(416,416,'DavonGould@university.com')
,(417,417,'QuintenMaxwell@university.com')
,(418,418,'AlbertBurns@university.com')
,(419,419,'BraylenTucker@university.com')
,(420,420,'AnaHodges@university.com')
,(421,421,'ShaunQuinn@university.com')
,(422,422,'AdrienAlbert@university.com')
,(423,423,'RaelynDavis@university.com')
,(424,424,'LouisRamos@university.com')
,(425,425,'RhysFischer@university.com')
,(426,426,'ItzelWitt@university.com')
,(427,427,'JusticePotts@university.com')
,(428,428,'HowardRodgers@university.com')
,(429,429,'MichaelaHess@university.com')
,(430,430,'KayaWiley@university.com')
,(431,431,'NoePowers@university.com')
,(432,432,'EstherEdwards@university.com')
,(433,433,'KatelynPate@university.com')
,(434,434,'CoryCase@university.com')
,(435,435,'BeatriceSloan@university.com')
,(436,436,'KamrenMayer@university.com')
,(437,437,'HarveyNash@university.com')
,(438,438,'BruceMccullough@university.com')
,(439,439,'DimitriHolcomb@university.com')
,(440,440,'KarisLe@university.com')
,(441,441,'AlisonFarrell@university.com')
,(442,442,'YulianaYoung@university.com')
,(443,443,'AllisonHampton@university.com')
,(444,444,'BlaineLogan@university.com')
,(445,445,'CarmenGeorge@university.com')
,(446,446,'DarwinHarper@university.com')
,(447,447,'BodhiBest@university.com')
,(448,448,'KarsonMcknight@university.com')
,(449,449,'LucianHale@university.com')
,(450,450,'TristinMichael@university.com')
,(451,451,'RowenTucker@university.com')
,(452,452,'ArianWoods@university.com')
,(453,453,'CharlotteJones@university.com')
,(454,454,'MinaRoberson@university.com')
,(455,455,'WesleyChristian@university.com')
,(456,456,'RubenRodriquez@university.com')
,(457,457,'AlissaLandry@university.com')
,(458,458,'TuckerLe@university.com')
,(459,459,'HaydenMurray@university.com')
,(460,460,'DarwinOlson@university.com')
,(461,461,'SloaneMcdowell@university.com')
,(462,462,'IsabelStark@university.com')
,(463,463,'WestonCruz@university.com')
,(464,464,'JohnathonBall@university.com')
,(465,465,'VanceOliver@university.com')
,(466,466,'JonasSims@university.com')
,(467,467,'AaronWalker@university.com')
,(468,468,'BiancaCalderon@university.com')
,(469,469,'JoseMeadows@university.com')
,(470,470,'TrevonAlbert@university.com')
,(471,471,'JadynBerry@university.com')
,(472,472,'TrystanWeeks@university.com')
,(473,473,'GaugeBeasley@university.com')
,(474,474,'AliaLangley@university.com')
,(475,475,'BrockSnyder@university.com')
,(476,476,'AriellaMalone@university.com')
,(477,477,'JeramiahAdams@university.com')
,(478,478,'JazlynHoover@university.com')
,(479,479,'JairoBaxter@university.com')
,(480,480,'AmyaPierce@university.com')
,(481,481,'RoryMercer@university.com')
,(482,482,'BraylinPreston@university.com')
,(483,483,'ChadMccarty@university.com')
,(484,484,'AryanaDorsey@university.com')
,(485,485,'MonicaDowns@university.com')
,(486,486,'KylahHull@university.com')
,(487,487,'RyleighPaul@university.com')
,(488,488,'AlenaFox@university.com')
,(489,489,'BaileeEspinoza@university.com')
,(490,490,'EvelynJoyce@university.com')
,(491,491,'AbrielleEstes@university.com')
,(492,492,'HayleeAlexander@university.com')
,(493,493,'JaredTran@university.com')
,(494,494,'SethMarquez@university.com')
,(495,495,'AriFrye@university.com')
,(496,496,'AliceHayes@university.com')
,(497,497,'PrincetonEngland@university.com')
,(498,498,'DesmondSnider@university.com')
,(499,499,'EliseoPeterson@university.com')
,(500,500,'CoreyKoch@university.com')
,(501,501,'RyleighSexton@university.com')
,(502,502,'PatrickBooth@university.com')
,(503,503,'AlayaCardenas@university.com')
,(504,504,'HayleighMcintyre@university.com')
,(505,505,'ClareGoff@university.com')
,(506,506,'ErnestoMay@university.com')
,(507,507,'KyleHenderson@university.com')
,(508,508,'EugeneLamb@university.com')
,(509,509,'VirginiaDunn@university.com')
,(510,510,'IshaanBrennan@university.com')
,(511,511,'JanessaCarey@university.com')
,(512,512,'AddilynPatrick@university.com')
,(513,513,'ZuriRamos@university.com')
,(514,514,'KamilaBest@university.com')
,(515,515,'CamilaWong@university.com')
,(516,516,'KendallGill@university.com')
,(517,517,'CorbinWhitaker@university.com')
,(518,518,'ZaidenWhitaker@university.com')
,(519,519,'CassidyContreras@university.com')
,(520,520,'WilsonAvery@university.com')
,(521,521,'JoeyBentley@university.com')
,(522,522,'JosueHicks@university.com')
,(523,523,'SabrinaMorrow@university.com')
,(524,524,'StephanieJoseph@university.com')
,(525,525,'AnneBauer@university.com')
,(526,526,'MadisynBowen@university.com')
,(527,527,'FelicityWong@university.com')
,(528,528,'JerimiahKennedy@university.com')
,(529,529,'KarlySalazar@university.com')
,(530,530,'FaithLancaster@university.com')
,(531,531,'AlvinHarmon@university.com')
,(532,532,'AliannaParrish@university.com')
,(533,533,'HughPena@university.com')
,(534,534,'TommyBradshaw@university.com')
,(535,535,'ColtSampson@university.com')
,(536,536,'LuisPotter@university.com')
,(537,537,'CatherineMcknight@university.com')
,(538,538,'HaroldWilliams@university.com')
,(539,539,'KylieRoach@university.com')
,(540,540,'RogelioFrazier@university.com')
,(541,541,'JorgeHorne@university.com')
,(542,542,'NashHull@university.com')
,(543,543,'CherishNieves@university.com')
,(544,544,'CharlieSosa@university.com')
,(545,545,'NovaLara@university.com')
,(546,546,'KarsonHaney@university.com')
,(547,547,'BeckhamShort@university.com')
,(548,548,'HayleySoto@university.com')
,(549,549,'SergioNichols@university.com')
,(550,550,'RykerStuart@university.com')
,(551,551,'EanTodd@university.com')
,(552,552,'JerimiahDean@university.com')
,(553,553,'TomasLeon@university.com')
,(554,554,'JaxsonAtkins@university.com')
,(555,555,'FletcherAshley@university.com')
,(556,556,'AnnCrane@university.com')
,(557,557,'AlexisVelez@university.com')
,(558,558,'IsaiFloyd@university.com')
,(559,559,'DanteAguilar@university.com')
,(560,560,'AlizaHickman@university.com')
,(561,561,'TroySalazar@university.com')
,(562,562,'ZavierBlair@university.com')
,(563,563,'CayleeMerrill@university.com')
,(564,564,'BeckhamDickson@university.com')
,(565,565,'ReeseAguirre@university.com')
,(566,566,'KendraMalone@university.com')
,(567,567,'CeceliaSellers@university.com')
,(568,568,'TraceLe@university.com')
,(569,569,'JordenAvery@university.com')
,(570,570,'RoninMccoy@university.com')
,(571,571,'BrunoBolton@university.com')
,(572,572,'AliParker@university.com')
,(573,573,'SkylaBolton@university.com')
,(574,574,'AntonioSantiago@university.com')
,(575,575,'PaolaHenson@university.com')
,(576,576,'ChanelRowland@university.com')
,(577,577,'KaylieBaird@university.com')
,(578,578,'IzayahOconnor@university.com')
,(579,579,'WalterHouston@university.com')
,(580,580,'DangeloPalmer@university.com')
,(581,581,'KelseyFoster@university.com')
,(582,582,'GenesisWilcox@university.com')
,(583,583,'YehudaBradshaw@university.com')
,(584,584,'PaisleyNelson@university.com')
,(585,585,'MiyaDalton@university.com')
,(586,586,'DarnellGolden@university.com')
,(587,587,'EdgarChambers@university.com')
,(588,588,'ShaniyaReese@university.com')
,(589,589,'TarynHopper@university.com')
,(590,590,'BrianWalls@university.com')
,(591,591,'GavynEnglish@university.com')
,(592,592,'KendalMacias@university.com')
,(593,593,'SoniaOconnor@university.com')
,(594,594,'ZaraBass@university.com')
,(595,595,'VivianFrazier@university.com')
,(596,596,'NicolasGutierrez@university.com')
,(597,597,'CallumPollard@university.com')
,(598,598,'PierreFerguson@university.com')
,(599,599,'AnnieBowers@university.com')
,(600,600,'ValeriaPatel@university.com')
,(601,601,'ClintonSoto@university.com')
,(602,602,'MariaAvery@university.com')
,(603,603,'MarcelPacheco@university.com')
,(604,604,'IngridLindsay@university.com')
,(605,605,'AlinaGaines@university.com')
,(606,606,'ThaddeusHarmon@university.com')
,(607,607,'LilithCarrillo@university.com')
,(608,608,'AsaBlanchard@university.com')
,(609,609,'EugenePeck@university.com')
,(610,610,'DerekAguirre@university.com')
,(611,611,'KylerElliott@university.com')
,(612,612,'JaelynMcmahon@university.com')
,(613,613,'RenataGoodwin@university.com')
,(614,614,'SabrinaHensley@university.com')
,(615,615,'LukeMccray@university.com')
,(616,616,'AkiraGross@university.com')
,(617,617,'TatumMorrison@university.com')
,(618,618,'HarrisonWood@university.com')
,(619,619,'CorbanBoyle@university.com')
,(620,620,'VivianaDejesus@university.com')
,(621,621,'LukasGarrison@university.com')
,(622,622,'RuthOlson@university.com')
,(623,623,'CrystalHolder@university.com')
,(624,624,'RowanHolloway@university.com')
,(625,625,'UrijahPeterson@university.com')
,(626,626,'JalenShepard@university.com')
,(627,627,'ChadRowland@university.com')
,(628,628,'SantosMorin@university.com')
,(629,629,'ZariyahMann@university.com')
,(630,630,'ErnestoMiller@university.com')
,(631,631,'AzariaSchneider@university.com')
,(632,632,'LaylaGarza@university.com')
,(633,633,'FlynnMorton@university.com')
,(634,634,'MckennaMccormick@university.com')
,(635,635,'LilliannaUnderwood@university.com')
,(636,636,'JasperBrewer@university.com')
,(637,637,'MakhiPowers@university.com')
,(638,638,'AlenaBlackburn@university.com')
,(639,639,'MadisonHaley@university.com')
,(640,640,'EmersonMitchell@university.com')
,(641,641,'MatthewKnowles@university.com')
,(642,642,'WillieHopper@university.com')
,(643,643,'EmeliaLove@university.com')
,(644,644,'HaylieOsborne@university.com')
,(645,645,'FernandaElliott@university.com')
,(646,646,'StevenCarr@university.com')
,(647,647,'SavannahPatrick@university.com')
,(648,648,'MaggieAustin@university.com')
,(649,649,'AydanCampbell@university.com')
,(650,650,'BryantMaxwell@university.com')
,(651,651,'AllyGraves@university.com')
,(652,652,'LailaAtkinson@university.com')
,(653,653,'BritneySanchez@university.com')
,(654,654,'TheodoreHardy@university.com')
,(655,655,'HaileeMercer@university.com')
,(656,656,'RyannDaniel@university.com')
,(657,657,'EverettWatkins@university.com')
,(658,658,'JadielSolomon@university.com')
,(659,659,'TeganRichard@university.com')
,(660,660,'RosaCaldwell@university.com')
,(661,661,'RoselynBright@university.com')
,(662,662,'KassandraReilly@university.com')
,(663,663,'LukaChan@university.com')
,(664,664,'RaymondFinley@university.com')
,(665,665,'TarajiHolland@university.com')
,(666,666,'MohamedHicks@university.com')
,(667,667,'TravisSkinner@university.com')
,(668,668,'JaxOdom@university.com')
,(669,669,'WilsonWeeks@university.com')
,(670,670,'BrockBarr@university.com')
,(671,671,'KolbyMoore@university.com')
,(672,672,'AllieGuzman@university.com')
,(673,673,'RiyaBenjamin@university.com')
,(674,674,'PaitynOrtiz@university.com')
,(675,675,'SylviaGlenn@university.com')
,(676,676,'KaiyaFoley@university.com')
,(677,677,'AyanaVasquez@university.com')
,(678,678,'AngelineVelasquez@university.com')
,(679,679,'KellenWhite@university.com')
,(680,680,'TiffanyWagner@university.com')
,(681,681,'JosephineSolis@university.com')
,(682,682,'MilaGross@university.com')
,(683,683,'JazmineRoberts@university.com')
,(684,684,'GisellePugh@university.com')
,(685,685,'EmeryAvila@university.com')
,(686,686,'ShaunDaniel@university.com')
,(687,687,'KassidyDunlap@university.com')
,(688,688,'ArmandoMoss@university.com')
,(689,689,'MakenzieButler@university.com')
,(690,690,'LiviaAllison@university.com')
,(691,691,'SavannaDaniel@university.com')
,(692,692,'RykerCardenas@university.com')
,(693,693,'JazlynnEngland@university.com')
,(694,694,'HaleighMercer@university.com')
,(695,695,'TalonGuzman@university.com')
,(696,696,'JakeCarver@university.com')
,(697,697,'KarterWilliams@university.com')
,(698,698,'MercedesBradley@university.com')
,(699,699,'YaretziParks@university.com')
,(700,700,'HaydenDyer@university.com')
,(701,701,'KadenceCarver@university.com')
,(702,702,'DesireeGreen@university.com')
,(703,703,'AngelineMorgan@university.com')
,(704,704,'WhitneyJennings@university.com')
,(705,705,'IsmaelBarrett@university.com')
,(706,706,'MariaFarrell@university.com')
,(707,707,'LaceyHobbs@university.com')
,(708,708,'AliaMcmillan@university.com')
,(709,709,'AbigailPotts@university.com')
,(710,710,'RaphaelMcfarland@university.com')
,(711,711,'SiennaDuran@university.com')
,(712,712,'BroderickGarrison@university.com')
,(713,713,'JensenSimmons@university.com')
,(714,714,'JusticeHarvey@university.com')
,(715,715,'AlessandraBennett@university.com')
,(716,716,'DakotaDunlap@university.com')
,(717,717,'AiyanaCarpenter@university.com')
,(718,718,'DelilahJimenez@university.com')
,(719,719,'AlyviaMack@university.com')
,(720,720,'BraidenPhillips@university.com')
,(721,721,'DemarcusMartinez@university.com')
,(722,722,'CarmenClark@university.com')
,(723,723,'LiaSantana@university.com')
,(724,724,'JulianSnyder@university.com')
,(725,725,'SamsonMaddox@university.com')
,(726,726,'HattieMckenzie@university.com')
,(727,727,'LucianMcclain@university.com')
,(728,728,'PhoebeCurry@university.com')
,(729,729,'KaitlinShannon@university.com')
,(730,730,'MiguelCote@university.com')
,(731,731,'VictorFranklin@university.com')
,(732,732,'LeilaniGlenn@university.com')
,(733,733,'EdenFitzgerald@university.com')
,(734,734,'MichelleMccullough@university.com')
,(735,735,'MaximoGuy@university.com')
,(736,736,'ZaneSuarez@university.com')
,(737,737,'CyrusMontgomery@university.com')
,(738,738,'BrileyEspinoza@university.com')
,(739,739,'PhoebePearson@university.com')
,(740,740,'DeannaHancock@university.com')
,(741,741,'ElleFischer@university.com')
,(742,742,'GabrielWalton@university.com')
,(743,743,'DiegoBentley@university.com')
,(744,744,'AylinBarker@university.com')
,(745,745,'TaylorJordan@university.com')
,(746,746,'LaceyLandry@university.com')
,(747,747,'JeanHorne@university.com')
,(748,748,'NicolasNelson@university.com')
,(749,749,'AbrielleShaffer@university.com')
,(750,750,'TaliyahSnider@university.com')
,(751,751,'CamronSchroeder@university.com')
,(752,752,'DamionHale@university.com')
,(753,753,'ShilohPace@university.com')
,(754,754,'WillHunt@university.com')
,(755,755,'HannahPetersen@university.com')
,(756,756,'BowenJones@university.com')
,(757,757,'TaliyahMcguire@university.com')
,(758,758,'NataleeEverett@university.com')
,(759,759,'AdelinePorter@university.com')
,(760,760,'ValentinEspinoza@university.com')
,(761,761,'BradenWhitley@university.com')
,(762,762,'SoniaWilkinson@university.com')
,(763,763,'SalvadorNorris@university.com')
,(764,764,'TrinityMcfadden@university.com')
,(765,765,'MelanyGlover@university.com')
,(766,766,'ColemanSweet@university.com')
,(767,767,'AdelynHall@university.com')
,(768,768,'KassandraPeck@university.com')
,(769,769,'JaxtonNash@university.com')
,(770,770,'AlexzanderWhitehead@university.com')
,(771,771,'WayneRichardson@university.com')
,(772,772,'TomasGood@university.com')
,(773,773,'LennonLong@university.com')
,(774,774,'MillieStephenson@university.com')
,(775,775,'MakhiRead@university.com')
,(776,776,'LilaLandry@university.com')
,(777,777,'JakobWitt@university.com')
,(778,778,'JuliaMckinney@university.com')
,(779,779,'KamilaPayne@university.com')
,(780,780,'TristianBerry@university.com')
,(781,781,'BeckettTalley@university.com')
,(782,782,'YandelValdez@university.com')
,(783,783,'ReneeWalter@university.com')
,(784,784,'HectorMooney@university.com')
,(785,785,'CannonFuller@university.com')
,(786,786,'MiraHayden@university.com')
,(787,787,'BrinleyEllison@university.com')
,(788,788,'KristinaFaulkner@university.com')
,(789,789,'EmersonCarson@university.com')
,(790,790,'KatelynnKramer@university.com')
,(791,791,'FinleyJones@university.com')
,(792,792,'YaretziDalton@university.com')
,(793,793,'DelilahAdams@university.com')
,(794,794,'MckenzieMayer@university.com')
,(795,795,'ZacharySutton@university.com')
,(796,796,'RickyHatfield@university.com')
,(797,797,'DarnellTran@university.com')
,(798,798,'RashadGarcia@university.com')
,(799,799,'LayneMcgee@university.com')
,(800,800,'ZaidenAustin@university.com')
,(801,801,'BradleyCarson@university.com')
,(802,802,'EvaLeblanc@university.com')
,(803,803,'NoeColeman@university.com')
,(804,804,'RalphCase@university.com')
,(805,805,'BraelynDuncan@university.com')
,(806,806,'ClareSampson@university.com')
,(807,807,'CrewCohen@university.com')
,(808,808,'VivianSanders@university.com')
,(809,809,'AustinGlover@university.com')
,(810,810,'DemetriusYoung@university.com')
,(811,811,'TiannaMayo@university.com')
,(812,812,'HayesPayne@university.com')
,(813,813,'JazmynWhitley@university.com')
,(814,814,'HassanFletcher@university.com')
,(815,815,'SalmaFarmer@university.com')
,(816,816,'MeredithFoster@university.com')
,(817,817,'JayleneSexton@university.com')
,(818,818,'AdrienReese@university.com')
,(819,819,'BrendenHarris@university.com')
,(820,820,'CrosbyRiley@university.com')
,(821,821,'CrosbyOliver@university.com')
,(822,822,'NatalyMorrow@university.com')
,(823,823,'AidenLucas@university.com')
,(824,824,'DemarcusVargas@university.com')
,(825,825,'KaneJames@university.com')
,(826,826,'JordanBrowning@university.com')
,(827,827,'JordanChen@university.com')
,(828,828,'LillianMartinez@university.com')
,(829,829,'RaelynCollins@university.com')
,(830,830,'AmirahAlvarado@university.com')
,(831,831,'IkerBall@university.com')
,(832,832,'CarolinaHopkins@university.com')
,(833,833,'SkylerWard@university.com')
,(834,834,'EdithHodges@university.com')
,(835,835,'DanicaRowland@university.com')
,(836,836,'QuintinTate@university.com')
,(837,837,'RylandContreras@university.com')
,(838,838,'HowardSimmons@university.com')
,(839,839,'JaylinSears@university.com')
,(840,840,'ZacheryRoman@university.com')
,(841,841,'BillyCoffey@university.com')
,(842,842,'BrodyFleming@university.com')
,(843,843,'EdenFletcher@university.com')
,(844,844,'KarterStephenson@university.com')
,(845,845,'RandallMcdonald@university.com')
,(846,846,'PiperDurham@university.com')
,(847,847,'MadisynWelch@university.com')
,(848,848,'AdrielBrowning@university.com')
,(849,849,'NadiaChurch@university.com')
,(850,850,'TreyFuller@university.com')
,(851,851,'AliceCannon@university.com')
,(852,852,'GilbertoBennett@university.com')
,(853,853,'EmersonRush@university.com')
,(854,854,'MelvinMcdaniel@university.com')
,(855,855,'HannaSharp@university.com')
,(856,856,'JohnathonMathis@university.com')
,(857,857,'AryannaMacias@university.com')
,(858,858,'MaraCooper@university.com')
,(859,859,'JanessaDale@university.com')
,(860,860,'AliRoberson@university.com')
,(861,861,'KohenAlston@university.com')
,(862,862,'AadenMcdaniel@university.com')
,(863,863,'MalakaiParsons@university.com')
,(864,864,'GracelynRoth@university.com')
,(865,865,'HelenaWolf@university.com')
,(866,866,'CalePerry@university.com')
,(867,867,'TemperanceHolcomb@university.com')
,(868,868,'BrileyDavidson@university.com')
,(869,869,'BaileyMann@university.com')
,(870,870,'RhettTorres@university.com')
,(871,871,'CarmeloHuff@university.com')
,(872,872,'MyraOlsen@university.com')
,(873,873,'AlanaMorris@university.com')
,(874,874,'BrendaTucker@university.com')
,(875,875,'KaraRaymond@university.com')
,(876,876,'XavierLopez@university.com')
,(877,877,'AimeeReeves@university.com')
,(878,878,'AustinSlater@university.com')
,(879,879,'KaileyPittman@university.com')
,(880,880,'EmeryOchoa@university.com')
,(881,881,'AdelaideJimenez@university.com')
,(882,882,'LillianDale@university.com')
,(883,883,'WaylonAlvarez@university.com')
,(884,884,'AngelFreeman@university.com')
,(885,885,'BentlyHerrera@university.com')
,(886,886,'LeilaMoses@university.com')
,(887,887,'KarsynBriggs@university.com')
,(888,888,'AngelicaMadden@university.com')
,(889,889,'LeahMcleod@university.com')
,(890,890,'JohannaHarvey@university.com')
,(891,891,'DelilahSantos@university.com')
,(892,892,'AddilynDixon@university.com')
,(893,893,'AnabelRiddle@university.com')
,(894,894,'KoltenFrost@university.com')
,(895,895,'KaylynnCox@university.com')
,(896,896,'FrancescaBurt@university.com')
,(897,897,'KillianFulton@university.com')
,(898,898,'BrettDonovan@university.com')
,(899,899,'AngelinaDodson@university.com')
,(900,900,'JadaCrawford@university.com')
,(901,901,'MohamedBauer@university.com')
,(902,902,'RivkaJohnson@university.com')
,(903,903,'BryceMiller@university.com')
,(904,904,'LukaMorgan@university.com')
,(905,905,'BrianaMadden@university.com')
,(906,906,'DeeganJames@university.com')
,(907,907,'FelicityEllis@university.com')
,(908,908,'KarenTrujillo@university.com')
,(909,909,'JadonWashington@university.com')
,(910,910,'CaysonHopper@university.com')
,(911,911,'EzekielBuckley@university.com')
,(912,912,'AndersClayton@university.com')
,(913,913,'RemyDuffy@university.com')
,(914,914,'NeveahHunter@university.com')
,(915,915,'CaliThornton@university.com')
,(916,916,'NathalieBuck@university.com')
,(917,917,'RosaChandler@university.com')
,(918,918,'LawsonHarvey@university.com')
,(919,919,'DelaneyDeleon@university.com')
,(920,920,'DevanFlores@university.com')
,(921,921,'JemmaGuzman@university.com')
,(922,922,'DonovanBranch@university.com')
,(923,923,'KaiaSanchez@university.com')
,(924,924,'ErikaCompton@university.com')
,(925,925,'BriannaSavage@university.com')
,(926,926,'JerimiahLott@university.com')
,(927,927,'ZayneNewman@university.com')
,(928,928,'SelahBarrera@university.com')
,(929,929,'LianaPreston@university.com')
,(930,930,'JuniorPhelps@university.com')
,(931,931,'JaydenMorgan@university.com')
,(932,932,'LawrenceVaughn@university.com')
,(933,933,'ConradBlack@university.com')
,(934,934,'JennaCastillo@university.com')
,(935,935,'KendylJarvis@university.com')
,(936,936,'AlizaVazquez@university.com')
,(937,937,'IsmaelChristian@university.com')
,(938,938,'IsaiasGamble@university.com')
,(939,939,'PerlaCombs@university.com')
,(940,940,'KailynnGraves@university.com')
,(941,941,'JordenCortez@university.com')
,(942,942,'LianaPierce@university.com')
,(943,943,'BronsonVinson@university.com')
,(944,944,'JenniferChandler@university.com')
,(945,945,'BrynleeAyers@university.com')
,(946,946,'CynthiaBanks@university.com')
,(947,947,'ZackeryBlake@university.com')
,(948,948,'CamdynRoth@university.com')
,(949,949,'AlvaroKirkland@university.com')
,(950,950,'KyraTyler@university.com')
,(951,951,'MadilynGraves@university.com')
,(952,952,'MaeveGarrison@university.com')
,(953,953,'BelenMoore@university.com')
,(954,954,'JadenWebb@university.com')
,(955,955,'AlondraRobbins@university.com')
,(956,956,'JazlynnHolt@university.com')
,(957,957,'OscarWade@university.com')
,(958,958,'MadelineCervantes@university.com')
,(959,959,'MaximusSanders@university.com')
,(960,960,'FinleyPugh@university.com')
,(961,961,'CaydenBeach@university.com')
,(962,962,'ZionLucas@university.com')
,(963,963,'ReynaHinton@university.com')
,(964,964,'MaddenBell@university.com')
,(965,965,'RyleighLuna@university.com')
,(966,966,'ThaddeusOrtega@university.com')
,(967,967,'AveriHolman@university.com')
,(968,968,'AaronDillon@university.com')
,(969,969,'AyanaLindsay@university.com')
,(970,970,'CristianPalmer@university.com')
,(971,971,'DominicRuiz@university.com')
,(972,972,'AlijahMontoya@university.com')
,(973,973,'MadalynSweet@university.com')
,(974,974,'NoelMcintosh@university.com')
,(975,975,'BiancaHancock@university.com')
,(976,976,'IsiahRodriguez@university.com')
,(977,977,'DamionOconnor@university.com')
,(978,978,'PresleyJefferson@university.com')
,(979,979,'EfrainOdonnell@university.com')
,(980,980,'MiyaRogers@university.com')
,(981,981,'JoleneWhitaker@university.com')
,(982,982,'GiannaWynn@university.com')
,(983,983,'KaitlinMayer@university.com')
,(984,984,'HoldenCampos@university.com')
,(985,985,'LilithCampos@university.com')
,(986,986,'SageCalhoun@university.com')
,(987,987,'TeaganHendrix@university.com')
,(988,988,'CampbellChase@university.com')
,(989,989,'LexieRich@university.com')
,(990,990,'ReaganBarton@university.com')
,(991,991,'JohnnyCollins@university.com')
,(992,992,'ElishaPittman@university.com')
,(993,993,'CourtneyDale@university.com')
,(994,994,'GrahamReyes@university.com')
,(995,995,'CalvinKaufman@university.com')
,(996,996,'PiperDunn@university.com')
,(997,997,'EmmalynBarr@university.com')
,(998,998,'AudrinaSolis@university.com')
,(999,999,'TylerHarrell@university.com')
,(1000,1000,'CarolineBaker@university.com')
GO

INSERT INTO `Credit` (`StudentId`,`CourseId`,`Grade`,`Attempt`)
VALUES
 (554,24,99.89,1)
,(468,6,85.15,2)
,(34,13,22.69,3)
,(854,16,48.32,1)
,(469,2,90.53,2)
,(181,12,79.85,2)
,(755,29,55.85,2)
,(890,3,50.52,1)
,(359,16,97.22,2)
,(440,23,17.49,3)
,(313,21,14.47,1)
,(847,28,70.19,2)
,(369,24,46.07,3)
,(776,3,80.23,3)
,(621,3,12.82,1)
,(593,12,30.53,1)
,(172,26,84.53,3)
,(91,23,91.82,2)
,(648,8,98.74,1)
,(823,28,86.5,3)
,(649,18,53.1,2)
,(237,8,72.98,3)
,(426,2,95.45,1)
,(43,25,25.79,3)
,(367,17,68.36,2)
,(519,5,29.22,2)
,(107,25,37.04,2)
,(695,21,84.91,2)
,(324,27,12.32,1)
,(590,2,96.3,2)
,(541,15,72.85,1)
,(966,5,75.16,2)
,(496,22,42.97,3)
,(275,7,98.17,1)
,(902,4,65.55,2)
,(741,10,13.8,2)
,(660,7,11.2,2)
,(786,9,92.47,2)
,(840,28,98.11,1)
,(214,28,55.17,2)
,(4,9,79,2)
,(864,14,58.57,2)
,(671,24,44.43,2)
,(672,24,36.85,2)
,(21,8,63.88,3)
,(322,24,33.13,1)
,(106,2,48.89,3)
,(934,29,35.91,2)
,(194,26,74.68,2)
,(497,4,18.24,1)
,(8,28,69.59,2)
,(944,17,90.14,3)
,(960,11,53.61,3)
,(120,24,67.02,2)
,(689,8,60.45,2)
,(29,23,29.38,3)
,(458,22,69.53,2)
,(89,16,51.88,3)
,(244,21,27.04,3)
,(318,3,91.82,3)
,(570,10,57.67,2)
,(652,18,60.19,2)
,(413,13,91.23,2)
,(824,8,30.38,2)
,(738,13,40.48,2)
,(512,7,22.6,2)
,(485,7,69.65,2)
,(678,23,84.17,1)
,(73,6,64.86,2)
,(319,19,58.79,1)
,(733,27,50.88,2)
,(27,27,79.86,2)
,(247,25,80.62,3)
,(98,26,55.89,3)
,(889,17,36.5,3)
,(93,7,38.26,2)
,(667,19,75.33,2)
,(69,20,54.29,1)
,(145,22,40.84,2)
,(896,28,80.79,3)
,(441,19,60.33,2)
,(385,23,46.14,2)
,(200,12,64.65,3)
,(129,16,41.08,2)
,(620,5,43.11,1)
,(281,12,41.23,2)
,(836,7,77.39,2)
,(695,3,86.55,1)
,(237,21,30.99,3)
,(124,8,85.59,2)
,(530,13,53.47,3)
,(413,2,55.09,2)
,(617,29,20.99,3)
,(887,25,97.46,1)
,(601,21,17.19,1)
,(371,30,71.76,2)
,(485,3,21.14,3)
,(524,23,15.89,1)
,(392,8,51.45,2)
,(449,8,60.44,2)
,(352,28,57.95,3)
,(752,22,36.88,2)
,(991,14,45.35,1)
,(498,21,85.69,1)
,(685,28,35.21,2)
,(756,23,82.03,1)
,(981,21,35.47,1)
,(679,26,39.49,3)
,(372,20,29.11,3)
,(293,15,74.71,3)
,(728,3,16.01,1)
,(464,18,68.12,3)
,(957,28,74.63,1)
,(707,7,78.85,2)
,(707,30,72.66,2)
,(796,11,74,2)
,(177,30,28.17,2)
,(361,23,75.19,3)
,(357,26,75.35,3)
,(910,4,47.68,2)
,(264,25,91.56,2)
,(973,5,50.07,1)
,(977,16,54.67,3)
,(311,18,14.72,3)
,(557,24,62.3,1)
,(365,5,81.86,1)
,(155,23,47.18,2)
,(417,15,92.76,3)
,(876,9,55.07,3)
,(119,14,19.76,1)
,(228,21,84.47,2)
,(360,21,73.51,2)
,(195,22,39.61,2)
,(647,5,60.3,1)
,(287,5,10.99,2)
,(446,23,14.85,1)
,(96,24,39.8,2)
,(172,5,16.3,1)
,(206,28,75.69,3)
,(775,8,87.95,2)
,(505,18,49.09,3)
,(110,14,23.36,2)
,(216,7,92.49,2)
,(526,6,84.41,1)
,(224,10,67.16,1)
,(377,13,28.94,3)
,(504,12,94.42,3)
,(393,20,68.49,1)
,(730,22,32.98,3)
,(92,12,88.92,3)
,(359,16,96.69,2)
,(692,17,59.28,1)
,(781,15,59.01,2)
,(198,20,76.75,2)
,(340,7,93.47,2)
,(619,30,48.04,3)
,(287,21,21.79,1)
,(493,21,20.11,2)
,(991,21,63.46,3)
,(175,9,35.48,2)
,(978,22,83.81,2)
,(567,27,30.11,1)
,(588,20,29.26,2)
,(243,20,44.1,1)
,(358,7,31.64,1)
,(152,11,48.07,3)
,(411,10,35.55,1)
,(338,6,60.63,2)
,(434,5,85.36,2)
,(383,7,84.75,2)
,(66,4,91.03,1)
,(500,20,43.39,2)
,(741,12,74.27,3)
,(470,1,97.22,2)
,(335,14,29.17,3)
,(866,25,39.82,2)
,(146,28,83.93,2)
,(270,26,88.19,1)
,(61,16,52.73,2)
,(386,5,98.94,2)
,(939,3,99.43,2)
,(288,9,22.95,1)
,(567,28,27.08,3)
,(208,7,23.94,2)
,(710,27,39.98,2)
,(570,2,58.77,2)
,(117,4,87.29,2)
,(219,25,89.74,2)
,(509,24,49.81,2)
,(16,19,51.9,2)
,(900,6,84.07,2)
,(255,13,70.6,2)
,(790,12,10.31,1)
,(599,20,97.11,3)
,(65,4,73.41,2)
,(455,6,42.83,2)
,(651,13,28.49,3)
,(1000,6,74.71,2)
,(274,10,95.09,1)
,(291,20,37.45,2)
,(839,4,56.74,3)
,(146,15,50.16,2)
,(304,28,94.9,2)
,(748,9,27.95,3)
,(61,14,38.86,1)
,(160,5,41.22,2)
,(180,7,35.76,3)
,(173,20,28.08,1)
,(66,23,87.35,2)
,(224,14,97.63,3)
,(337,19,62.48,2)
,(271,15,74.64,3)
,(18,17,17.06,2)
,(853,4,18.28,3)
,(326,6,45.45,2)
,(773,3,50.38,2)
,(655,13,80.07,2)
,(74,9,11.03,2)
,(548,14,78.05,2)
,(267,2,21.87,2)
,(732,7,66.89,1)
,(14,26,89.94,1)
,(533,21,82.84,1)
,(668,11,57.42,1)
,(244,13,58.94,2)
,(409,10,55.14,2)
,(240,24,11.57,2)
,(875,27,20.13,1)
,(940,19,87.29,3)
,(514,13,10.2,2)
,(902,10,53.95,2)
,(72,23,10.8,2)
,(629,11,92.75,3)
,(923,22,22.02,2)
,(910,9,90.27,3)
,(188,29,66.09,2)
,(750,26,52.2,3)
,(803,4,48.29,1)
,(216,3,52.72,1)
,(30,22,56.53,1)
,(750,14,46.24,2)
,(39,21,87.49,2)
,(789,5,70.56,2)
,(563,16,99.71,2)
,(733,16,43.07,2)
,(777,5,56.39,2)
,(596,25,84.06,2)
,(856,9,93.4,2)
,(899,9,73.76,1)
,(904,5,70.14,2)
,(620,27,52.24,2)
,(192,24,33.82,1)
,(271,7,33.72,2)
,(904,10,89.86,2)
,(414,7,79.4,2)
,(823,28,83.84,2)
,(196,7,55.49,2)
,(651,15,62.8,1)
,(690,7,55.4,2)
,(909,2,76.29,1)
,(149,16,57.83,3)
,(602,3,60.01,2)
,(445,15,24.77,2)
,(95,18,27.3,2)
,(304,28,46.08,2)
,(893,28,96.56,1)
,(115,1,69.63,2)
,(259,16,84.64,2)
,(402,11,38.82,3)
,(864,17,39.33,1)
,(275,24,21.33,2)
,(920,2,46.13,2)
,(403,13,25.85,3)
,(474,17,97.25,1)
,(366,27,35.92,2)
,(805,3,23.11,2)
,(412,8,92.34,1)
,(138,9,49.23,1)
,(959,26,98.42,2)
,(72,9,43.91,3)
,(408,19,34.47,1)
,(470,4,44.44,2)
,(60,23,30.88,3)
,(698,20,82.35,2)
,(245,4,41.15,3)
,(443,20,50.31,2)
,(934,16,49.17,2)
,(530,16,16.35,2)
,(439,13,57.17,2)
,(445,23,62.93,2)
,(986,21,23.62,1)
,(487,11,11.49,1)
,(252,5,32.57,2)
,(758,7,45.08,2)
,(164,25,98.48,2)
,(427,30,24.67,3)
,(541,15,23.35,1)
,(945,10,86.74,1)
,(391,3,15.03,3)
,(181,15,92.77,1)
,(913,5,98.41,2)
,(639,17,23.2,3)
,(555,11,63.64,2)
,(231,14,11.42,3)
,(652,21,97.84,3)
,(254,15,85.62,2)
,(507,29,19.54,3)
,(565,3,68.69,2)
,(932,22,97.42,1)
,(97,3,19.24,3)
,(614,19,67.37,2)
,(185,18,88.92,2)
,(825,21,94.53,2)
,(392,13,44.02,3)
,(338,25,69.52,1)
,(766,14,71.57,2)
,(579,11,40.2,3)
,(722,16,12.91,3)
,(352,27,13.34,3)
,(997,26,40.06,1)
,(695,25,82.59,3)
,(368,22,52.61,3)
,(691,10,62,2)
,(61,6,45.71,2)
,(284,26,76.63,2)
,(68,3,31.84,2)
,(441,9,74.28,3)
,(782,16,11.7,2)
,(204,30,25.1,2)
,(679,13,62.25,2)
,(458,11,78.03,1)
,(942,8,92.03,2)
,(488,3,55.82,2)
,(264,15,96.77,2)
,(625,22,32.51,3)
,(242,27,60.56,3)
,(562,4,70.29,2)
,(65,14,20.52,2)
,(148,21,94.47,1)
,(433,16,25.12,1)
,(732,29,98.52,2)
,(905,21,99.32,2)
,(375,26,83,1)
,(109,29,81.56,2)
,(477,20,55.18,2)
,(502,4,30.66,2)
,(668,13,78.27,2)
,(648,11,32.93,2)
,(5,14,22.06,2)
,(170,11,62.25,2)
,(794,14,38.92,2)
,(833,6,28.67,3)
,(616,16,21.78,2)
,(462,28,83.11,3)
,(359,27,13.33,2)
,(610,12,98.83,1)
,(334,12,47.81,3)
,(197,1,62.19,3)
,(778,21,89.69,3)
,(525,11,68.34,1)
,(331,1,35.78,1)
,(409,29,79.5,1)
,(275,24,39.78,1)
,(311,30,76.29,2)
,(634,20,91.06,2)
,(710,6,84.86,3)
,(423,7,51.59,3)
,(138,4,35.32,2)
,(623,7,27.69,2)
,(552,28,59.11,2)
,(715,21,75.76,2)
,(25,15,55.95,2)
,(803,20,63.49,1)
,(903,28,82.87,1)
,(677,23,80.73,1)
,(907,12,81.04,1)
,(369,18,16.58,2)
,(842,26,87.9,2)
,(8,12,91.77,1)
,(872,24,35.24,2)
,(60,4,18.08,2)
,(552,16,55.91,2)
,(257,25,58.69,2)
,(45,4,84.49,3)
,(784,22,86.21,2)
,(230,2,79.98,2)
,(541,4,47.46,1)
,(638,14,60.55,2)
,(546,23,46.56,3)
,(402,15,63.51,3)
,(794,25,80.51,1)
,(669,14,75.59,2)
,(145,15,23.76,2)
,(159,30,91.64,2)
,(47,15,30.92,3)
,(825,22,31.8,2)
,(168,26,19.33,1)
,(788,23,80.31,3)
,(251,6,65.3,3)
,(999,27,51.04,2)
,(760,9,60.95,2)
,(325,28,97.78,2)
,(131,26,60.53,1)
,(978,2,69.55,2)
,(691,13,67.89,2)
,(513,6,53.77,1)
,(574,26,19.26,1)
,(795,27,82.69,3)
,(190,19,17.8,3)
,(670,9,60.99,3)
,(58,4,89.2,3)
,(241,19,94.68,2)
,(86,28,99.78,2)
,(971,9,74.43,2)
,(603,11,51.24,2)
,(38,22,88.45,2)
,(713,30,88.73,2)
,(636,19,22.96,3)
,(778,13,31.26,2)
,(170,12,60.45,1)
,(120,12,56.01,2)
,(528,5,28.66,2)
,(225,10,50.83,2)
,(875,12,75.6,3)
,(49,28,31.32,2)
,(666,21,38.53,2)
,(220,11,81.67,3)
,(801,9,27.14,3)
,(208,13,10.97,1)
,(143,24,83.88,2)
,(783,5,18.87,2)
,(810,26,46.7,2)
,(327,8,87.4,2)
,(955,26,42.16,3)
,(808,13,67.93,1)
,(960,12,79.19,2)
,(500,22,24.92,2)
,(246,16,26.35,2)
,(737,8,60.55,1)
,(134,27,17.95,3)
,(307,23,36.84,2)
,(452,17,96.93,1)
,(261,16,84.3,3)
,(830,26,84.77,1)
,(231,25,18.84,2)
,(866,21,61.34,1)
,(565,2,40.93,2)
,(619,18,60.05,3)
,(847,29,73.64,2)
,(108,8,36.03,2)
,(608,29,68.65,2)
,(758,24,17.94,1)
,(312,2,31.93,2)
,(4,21,15.97,2)
,(925,23,73.02,3)
,(459,13,91.58,1)
,(625,7,84.66,3)
,(378,19,26.78,3)
,(484,16,31.77,3)
,(326,8,33.28,2)
,(181,16,51.51,2)
,(257,6,94.36,1)
,(60,24,38.32,2)
,(449,21,54.86,1)
,(107,26,30.78,2)
,(975,22,77.07,2)
,(655,26,39.15,3)
,(658,22,22.95,2)
,(887,25,45.45,3)
,(702,18,35.44,2)
,(454,8,29.9,1)
,(436,27,24.33,1)
,(768,4,80.6,1)
,(868,20,14.42,1)
,(803,4,35.32,3)
,(990,1,96.37,2)
,(448,21,17.12,2)
,(14,22,93.16,2)
,(743,16,97.94,3)
,(995,19,67.41,2)
,(561,20,46.62,2)
,(534,17,27.4,3)
,(556,24,50.61,2)
,(478,24,92.3,2)
,(434,23,82.79,3)
,(845,29,59.26,2)
,(869,19,17.76,1)
,(379,18,37.87,2)
,(637,21,13.89,2)
,(456,16,59.71,1)
,(772,3,70.5,2)
,(263,3,13.5,3)
,(818,29,31.62,2)
,(451,8,18.49,2)
,(490,2,70.46,1)
,(697,26,21.7,2)
,(316,15,91.24,1)
,(880,29,36.6,3)
,(72,27,17.43,2)
,(785,13,33.78,3)
,(70,27,78.02,3)
,(565,21,46.35,2)
,(632,20,45.87,1)
,(362,16,85.49,3)
,(303,19,94.92,2)
,(811,13,23.9,2)
,(616,23,25.07,1)
,(349,22,77.71,2)
,(499,16,16.62,2)
,(527,10,19.38,2)
,(604,5,68.2,2)
,(770,7,47.27,3)
,(161,5,64.8,2)
,(265,5,49.51,1)
,(148,21,15.13,1)
,(931,4,52.66,2)
,(852,2,19.71,2)
,(657,29,77.84,3)
,(148,8,94.02,1)
,(249,16,79.91,3)
,(31,10,83.06,2)
,(772,11,37.39,2)
,(263,5,16.7,2)
,(251,2,13.46,3)
,(158,9,17.16,2)
,(881,19,31,2)
,(850,26,62.87,2)
,(235,29,77,3)
,(599,9,25.36,2)
,(126,19,34.05,2)
,(950,18,58.05,2)
,(80,24,79.5,3)
,(815,28,88.83,2)
,(608,22,44.87,3)
,(797,21,70.32,2)
,(723,21,31.15,2)
,(320,9,54.52,3)
,(382,10,97.56,1)
,(372,4,80.9,2)
,(803,4,14.38,3)
,(947,12,69.54,1)
,(857,4,92.45,1)
,(484,25,23.46,2)
,(949,8,74.94,2)
,(882,24,56.7,2)
,(115,18,29.03,3)
,(895,6,57.26,2)
,(241,2,87.99,1)
,(990,19,76.47,3)
,(630,24,56.46,2)
,(970,29,39.04,3)
,(327,17,94.25,2)
,(929,12,90.1,3)
,(911,14,26.6,1)
,(373,26,38.73,1)
,(701,8,71.16,2)
,(541,12,69.13,2)
,(541,11,34.59,2)
,(287,14,53.96,1)
,(640,10,84.13,2)
,(35,3,46.13,3)
,(131,4,11.95,3)
,(678,9,48.31,1)
,(302,10,52.75,1)
,(450,21,61.75,2)
,(690,9,37.26,1)
,(94,30,88.39,3)
,(481,14,77.16,3)
,(911,2,53.06,2)
,(897,17,59.29,2)
,(487,5,84.69,1)
,(530,13,19.31,1)
,(164,15,88.21,1)
,(789,23,67.83,2)
,(589,8,81.26,2)
,(935,28,94.36,1)
,(891,8,92.28,2)
,(356,15,36.85,1)
,(308,18,59.08,2)
,(57,11,87.14,2)
,(327,19,99.53,1)
,(542,22,45.38,2)
,(664,29,18.36,3)
,(525,23,28.52,3)
,(640,20,86.89,1)
,(170,8,80.85,1)
,(766,14,24.5,2)
,(800,15,36.97,1)
,(619,28,63.73,1)
,(262,27,19.95,3)
,(312,5,82.9,1)
,(392,12,90.07,1)
,(128,15,12.95,1)
,(277,13,12.06,2)
,(136,18,67.58,2)
,(239,13,41.06,1)
,(855,27,88.31,2)
,(757,15,50.25,2)
,(282,17,18.53,3)
,(743,4,15.47,1)
,(847,24,33.13,2)
,(884,7,34.72,2)
,(120,14,42.89,2)
,(976,13,62.78,1)
,(326,6,25.16,3)
,(450,23,13.93,1)
,(990,20,44.92,3)
,(532,1,98.07,2)
,(287,10,22.89,1)
,(725,14,18.09,1)
,(887,3,49.74,1)
,(552,16,88.79,2)
,(395,16,88,2)
,(756,2,70.34,3)
,(676,11,85.84,2)
,(401,25,81.48,2)
,(649,14,19.19,1)
,(555,17,60.39,2)
,(349,4,31.46,2)
,(508,17,23.61,1)
,(345,6,52.3,1)
,(710,2,65.74,2)
,(808,11,99.66,3)
,(869,13,55.42,1)
,(817,24,61.64,1)
,(904,2,85.37,3)
,(695,11,27.25,1)
,(701,21,56.78,3)
,(468,3,97.73,2)
,(841,6,41.06,3)
,(742,25,72.46,1)
,(770,4,24.13,1)
,(579,13,56.19,2)
,(83,1,91.21,1)
,(174,5,86.46,2)
,(865,2,62.44,1)
,(414,23,53.07,2)
,(298,13,42.16,2)
,(629,30,33.57,1)
,(942,20,37.2,2)
,(97,29,21.32,2)
,(422,3,62.1,2)
,(128,16,25.38,2)
,(425,14,11.48,3)
,(785,5,13.67,2)
,(225,9,42.53,1)
,(570,3,93.59,1)
,(165,7,72.97,3)
,(622,15,86.71,1)
,(787,11,82.19,2)
,(270,4,16.6,2)
,(562,27,46.14,2)
,(977,26,81.35,1)
,(392,28,68.6,2)
,(26,24,55.01,3)
,(348,20,34.36,2)
,(471,29,64.45,3)
,(320,28,22.08,2)
,(223,22,30.76,2)
,(525,24,37.13,2)
,(281,17,36.85,1)
,(64,22,77.4,2)
,(473,20,35.22,1)
,(969,2,37.29,1)
,(241,24,32.66,3)
,(442,15,57.84,2)
,(295,26,20.9,2)
,(195,17,63.28,2)
,(218,23,24.78,3)
,(132,2,36.89,2)
,(314,26,32.1,1)
,(768,13,91.5,2)
,(280,15,41.76,2)
,(107,29,42.48,2)
,(516,18,39.23,2)
,(898,21,13.61,2)
,(143,20,90.98,1)
,(487,2,28.66,1)
,(27,5,52.02,1)
,(674,2,73.95,3)
,(409,30,23.06,2)
,(299,27,69.95,2)
,(921,22,16.46,3)
,(470,27,21.98,2)
,(85,13,12.56,3)
,(646,4,13.14,2)
,(581,8,80.49,2)
,(6,10,84.69,1)
,(889,25,80.02,3)
,(788,19,71.66,2)
,(78,8,13.6,2)
,(568,11,24.2,2)
,(842,18,50.23,2)
,(630,8,67.44,2)
,(91,9,75.11,2)
,(900,23,15.21,2)
,(643,21,81.86,3)
,(126,26,65.43,2)
,(870,25,46.28,2)
,(237,19,57.65,1)
,(330,22,13.3,3)
,(86,20,15.5,3)
,(721,15,71.21,3)
,(11,12,39.31,1)
,(724,11,89.82,1)
,(900,23,67.01,2)
,(535,24,21.53,1)
,(717,12,43.43,2)
,(169,17,57.06,1)
,(666,3,70.87,2)
,(847,10,39.86,2)
,(437,2,46.49,2)
,(36,19,85.77,2)
,(234,22,24.09,2)
,(938,10,57.1,1)
,(517,19,40.9,3)
,(536,25,62.78,2)
,(653,17,61.98,3)
,(462,20,38.45,2)
,(917,16,87.81,3)
,(301,22,83.42,1)
,(537,1,42.76,2)
,(113,18,13.28,2)
,(716,5,74.89,2)
,(257,6,30.06,3)
,(835,11,29.84,2)
,(829,11,23.74,1)
,(269,8,34.24,3)
,(282,28,82.03,2)
,(509,6,96.51,2)
,(34,22,37.19,3)
,(537,5,75.26,3)
,(149,12,41.81,2)
,(633,11,38.3,1)
,(397,25,47.4,2)
,(72,28,67.57,2)
,(252,8,42.53,3)
,(387,1,27.75,2)
,(657,12,49.58,2)
,(155,4,19.04,2)
,(620,20,71.69,2)
,(476,7,96.82,3)
,(950,12,24.1,2)
,(610,21,23.73,3)
,(713,16,66.27,2)
,(447,18,21.78,3)
,(201,6,64.15,3)
,(760,3,95.04,2)
,(509,22,84.02,1)
,(427,17,15.68,3)
,(21,6,62.04,3)
,(61,10,18.7,2)
,(366,28,56.14,1)
,(758,20,23.3,2)
,(672,24,79.37,3)
,(876,29,80.99,2)
,(183,7,66.2,3)
,(59,12,93.72,2)
,(541,27,96,1)
,(932,23,16.86,2)
,(330,9,30.3,3)
,(180,7,75.37,3)
,(658,23,82.76,1)
,(917,10,93.15,2)
,(880,13,83.66,3)
,(581,27,28.62,1)
,(755,13,82.95,2)
,(750,3,51.85,2)
,(613,2,98.33,2)
,(613,12,50.96,1)
,(350,12,77.7,2)
,(6,4,98.39,2)
,(309,7,87.32,1)
,(215,14,99.63,1)
,(373,27,40.03,2)
,(999,8,19.96,1)
,(830,11,99.93,1)
,(507,15,36.9,2)
,(828,22,42.76,2)
,(35,30,78.88,3)
,(486,8,13.45,1)
,(819,22,32.79,2)
,(981,2,15.16,1)
,(310,21,35.99,2)
,(177,8,76.09,3)
,(602,15,20.39,2)
,(597,5,93.47,3)
,(981,21,39.14,1)
,(836,15,86.18,2)
,(768,8,48.7,2)
,(697,13,80.09,2)
,(896,20,91.63,2)
,(643,14,42.76,2)
,(934,13,48,2)
,(364,23,36.67,2)
,(472,22,35.73,3)
,(535,22,62.36,2)
,(75,4,42.76,1)
,(76,15,75.93,2)
,(247,3,96.29,1)
,(489,27,57.09,3)
,(88,13,47.13,2)
,(74,18,27.27,2)
,(590,6,49.3,2)
,(104,21,29.06,2)
,(768,28,47.9,2)
,(270,15,11.23,2)
,(62,16,30.53,1)
,(958,5,36.03,3)
,(694,21,30.06,1)
,(187,12,77.61,2)
,(946,29,59.24,3)
,(256,6,53.43,1)
,(520,7,89.86,3)
,(434,20,32.55,2)
,(439,19,31.88,2)
,(255,11,47.57,1)
,(183,1,50.41,2)
,(218,7,39.22,3)
,(989,10,50.82,3)
,(987,16,35.21,1)
,(519,16,64.87,3)
,(386,23,57.47,2)
,(317,16,53.22,1)
,(757,5,84.39,3)
,(784,4,92.12,2)
,(512,2,57.13,3)
,(570,8,44.77,2)
,(927,8,31.59,2)
,(598,17,89.98,2)
,(509,28,60.19,1)
,(161,22,83.66,2)
,(491,6,40.08,1)
,(779,23,70.99,2)
,(282,19,56.72,2)
,(751,19,59.43,2)
,(928,2,64.68,2)
,(610,27,65.72,3)
,(912,17,19.58,3)
,(901,2,31.93,3)
,(847,15,67.76,1)
,(998,23,38.61,1)
,(885,18,62.97,2)
,(877,12,95.33,2)
,(911,28,41.46,2)
,(55,11,71.39,2)
,(838,20,69.7,3)
,(122,28,82.17,1)
,(552,17,61.32,2)
,(577,7,48.94,3)
,(360,26,92.31,3)
,(882,22,52.37,2)
,(964,25,56.14,1)
,(951,11,62.81,1)
,(316,8,42.91,1)
,(499,5,82.4,3)
,(888,1,59.09,1)
,(953,10,47.21,2)
,(208,12,66.91,1)
,(856,30,29.39,1)
,(681,2,85.18,2)
,(968,22,42.54,3)
,(74,9,25.4,2)
,(491,9,35.33,1)
,(164,14,39.98,2)
,(120,2,51.48,3)
,(422,25,21.48,2)
,(860,13,16.29,2)
,(762,13,64.65,2)
,(799,21,72.63,2)
,(694,15,35.23,2)
,(274,3,71.72,1)
,(429,13,12.22,2)
,(124,12,86.62,3)
,(773,24,62.59,2)
,(983,15,58.69,2)
,(854,14,80.21,2)
,(785,2,39.87,2)
,(19,23,82.92,3)
,(932,15,86.29,2)
,(453,27,34.5,2)
,(821,17,50.79,2)
,(342,9,80.46,1)
,(664,4,84.99,2)
,(648,18,39.51,1)
,(793,18,73.55,1)
,(810,17,74.49,2)
,(897,13,26.06,3)
,(934,22,79.66,3)
,(874,22,54.43,3)
,(297,7,23.3,2)
,(250,15,26.05,1)
,(223,8,87.14,1)
,(344,2,85.66,3)
,(655,22,97,2)
,(634,12,21.24,2)
,(979,14,10.91,2)
,(3,25,61.79,2)
,(932,12,14.06,2)
,(808,30,47.26,2)
,(640,15,52.06,3)
,(983,25,53.67,2)
,(123,17,96.65,2)
,(583,16,88.58,2)
,(817,14,30.44,2)
,(486,19,94.88,3)
,(946,17,39.8,3)
,(196,7,83.2,1)
,(787,9,87.52,1)
,(912,12,55.78,2)
,(173,27,29.3,2)
,(343,1,37.24,1)
,(769,6,70.66,3)
,(916,2,10,3)
,(974,26,23.45,2)
,(368,15,24.71,2)
,(477,30,73.51,2)
,(862,19,58.62,2)
,(813,23,33.53,2)
,(115,17,27.18,3)
,(472,27,17.86,3)
,(194,28,16.71,2)
,(372,13,98.14,1)
,(942,17,18.57,3)
,(785,4,31.66,2)
,(217,21,87.55,3)
,(7,5,86.22,1)
,(389,4,69.99,2)
,(343,7,48.39,2)
,(784,23,49.33,3)
,(247,9,94,2)
,(15,12,69.56,3)
,(653,3,22.71,3)
,(396,27,59.37,3)
,(825,27,40.58,1)
,(882,30,92.31,2)
,(303,15,87.36,2)
,(213,22,60.93,3)
,(741,13,37.46,2)
,(219,15,25.12,2)
,(723,18,66.42,3)
,(473,29,87.55,2)
,(862,3,46.72,3)
,(725,7,21.66,3)
,(746,26,99.79,2)
,(823,6,69.86,1)
,(562,10,43.08,1)
,(47,5,32.45,1)
,(445,29,84,2)
,(58,16,90.03,1)
,(887,12,94.7,2)
,(905,25,74.83,3)
,(759,2,44.31,2)
,(771,7,48.69,3)
,(766,14,47.81,2)
,(401,9,28.13,3)
,(409,29,43.06,1)
,(418,24,49.41,3)
,(751,2,30.1,3)
,(952,1,78.74,2)
,(587,30,29.36,3)
,(281,14,15.73,2)
,(792,6,17.87,2)
,(420,7,60.26,2)
,(947,16,35.02,1)
,(856,20,25.71,1)
,(549,19,42.06,1)
,(874,25,73.79,2)
,(361,2,41.83,3)
,(143,7,59.03,2)
,(739,28,87.97,1)
,(533,26,93.05,3)
,(978,6,15.06,2)
,(340,22,11.62,3)
,(20,17,93.85,3)
,(352,21,39.77,2)
,(61,6,58.28,1)
,(465,28,22.86,3)
,(903,20,93.19,1)
,(779,9,13.95,1)
,(101,11,14.51,3)
,(370,29,80.26,3)
,(211,11,95.92,1)
,(172,25,94.22,2)
,(736,24,88.59,3)
,(675,16,26.74,2)
,(558,8,23.25,2)
,(368,3,23.27,3)
,(935,7,15.87,1)
,(113,13,15.39,1)
,(380,17,11.44,1)
,(919,3,83.26,2)
,(980,6,62.18,2)
,(773,15,16.85,2)
,(986,18,49.3,3)
,(491,18,56.31,2)
,(725,11,30.13,2)
,(773,30,44.16,1)
,(157,22,74.41,1)
,(911,30,95,2)